Date,2mm Top/ Shorty/ Spring/ Skin,2-3/2 Springsuit--FullSuit,___3/2---4/3 Full Wetsuit  and  Boots,4/3-5/4FullSuit_Boots_Gloves_Hood,5/4FullSuit_Boots_Gloves_Hood,6/5FullSuit_Boots_Gloves_Hood,WATER_TEMP,Air-Temp
2024-11-01 00:00,64,62,58,52,43,42,44.75,39.6
2024-11-01 01:00,64,62,58,52,43,42,44.72,40.51
2024-11-01 02:00,64,62,58,52,43,42,44.7,39.98
2024-11-01 03:00,64,62,58,52,43,42,44.68,39.34
2024-11-01 04:00,64,62,58,52,43,42,44.66,41.03
2024-11-01 05:00,64,62,58,52,43,42,44.64,39.87
2024-11-01 06:00,64,62,58,52,43,42,44.62,39.81
2024-11-01 07:00,64,62,58,52,43,42,44.6,39.4
2024-11-01 08:00,64,62,58,52,43,42,44.58,40.39
2024-11-01 09:00,64,62,58,52,43,42,44.56,40.16
2024-11-01 10:00,64,62,58,52,43,42,44.54,36.14
2024-11-01 11:00,64,62,58,52,43,42,44.52,35.27
2024-11-01 12:00,64,62,58,52,43,42,44.5,38.79
2024-11-01 13:00,64,62,58,52,43,42,44.48,39.52
2024-11-01 14:00,64,62,58,52,43,42,44.46,37.33
2024-11-01 15:00,64,62,58,52,43,42,44.44,38.35
2024-11-01 16:00,64,62,58,52,43,42,44.42,38.73
2024-11-01 17:00,64,62,58,52,43,42,44.4,39.51
2024-11-01 18:00,64,62,58,52,43,42,44.38,39.32
2024-11-01 19:00,64,62,58,52,43,42,44.37,39.16
2024-11-01 20:00,64,62,58,52,43,42,44.35,38.49
2024-11-01 21:00,64,62,58,52,43,42,44.33,38.24
2024-11-01 22:00,64,62,58,52,43,42,44.32,37.42
2024-11-01 23:00,64,62,58,52,43,42,44.3,36.72
2024-11-02 00:00,64,62,58,52,43,42,44.29,36.84
2024-11-02 01:00,64,62,58,52,43,42,44.27,36.78
2024-11-02 02:00,64,62,58,52,43,42,44.26,37.16
2024-11-02 03:00,64,62,58,52,43,42,44.24,37.48
2024-11-02 04:00,64,62,58,52,43,42,44.22,37.83
2024-11-02 05:00,64,62,58,52,43,42,44.21,38.47
2024-11-02 06:00,64,62,58,52,43,42,44.19,37.51
2024-11-02 07:00,64,62,58,52,43,42,44.16,36.44
2024-11-02 08:00,64,62,58,52,43,42,44.14,34.87
2024-11-02 09:00,64,62,58,52,43,42,44.12,38.45
2024-11-02 10:00,64,62,58,52,43,42,44.09,41.15
2024-11-02 11:00,64,62,58,52,43,42,44.06,41.49
2024-11-02 12:00,64,62,58,52,43,42,44.03,41.7
2024-11-02 13:00,64,62,58,52,43,42,44.0,43.33
2024-11-02 14:00,64,62,58,52,43,42,43.97,42.81
2024-11-02 15:00,64,62,58,52,43,42,43.94,45.01
2024-11-02 16:00,64,62,58,52,43,42,43.91,42.35
2024-11-02 17:00,64,62,58,52,43,42,43.88,42.5
2024-11-02 18:00,64,62,58,52,43,42,43.85,39.9
2024-11-02 19:00,64,62,58,52,43,42,43.82,38.68
2024-11-02 20:00,64,62,58,52,43,42,43.8,36.87
2024-11-02 21:00,64,62,58,52,43,42,43.77,36.76
2024-11-02 22:00,64,62,58,52,43,42,43.75,37.33
2024-11-02 23:00,64,62,58,52,43,42,43.73,37.13
2024-11-03 00:00,64,62,58,52,43,42,43.7,38.91
2024-11-03 01:00,64,62,58,52,43,42,43.66,38.03
2024-11-03 02:00,64,62,58,52,43,42,43.64,37.68
2024-11-03 03:00,64,62,58,52,43,42,43.62,37.62
2024-11-03 04:00,64,62,58,52,43,42,43.6,35.33
2024-11-03 05:00,64,62,58,52,43,42,43.58,34.63
2024-11-03 06:00,64,62,58,52,43,42,43.56,31.78
2024-11-03 07:00,64,62,58,52,43,42,43.54,30.52
2024-11-03 08:00,64,62,58,52,43,42,43.52,35.93
2024-11-03 09:00,64,62,58,52,43,42,43.5,41.22
2024-11-03 10:00,64,62,58,52,43,42,43.48,45.22
2024-11-03 11:00,64,62,58,52,43,42,43.46,46.56
2024-11-03 12:00,64,62,58,52,43,42,43.44,50.23
2024-11-03 13:00,64,62,58,52,43,42,43.42,49.73
2024-11-03 14:00,64,62,58,52,43,42,43.4,48.33
2024-11-03 15:00,64,62,58,52,43,42,43.38,48.03
2024-11-03 16:00,64,62,58,52,43,42,43.36,43.54
2024-11-03 17:00,64,62,58,52,43,42,43.34,41.62
2024-11-03 18:00,64,62,58,52,43,42,43.33,40.07
2024-11-03 19:00,64,62,58,52,43,42,43.32,37.28
2024-11-03 20:00,64,62,58,52,43,42,43.31,34.61
2024-11-03 21:00,64,62,58,52,43,42,43.3,33.29
2024-11-03 22:00,64,62,58,52,43,42,43.3,32.36
2024-11-03 23:00,64,62,58,52,43,42,43.29,34.06
2024-11-04 00:00,64,62,58,52,43,42,43.29,34.59
2024-11-04 01:00,64,62,58,52,43,42,43.29,35.64
2024-11-04 02:00,64,62,58,52,43,42,43.29,36.28
2024-11-04 03:00,64,62,58,52,43,42,43.29,36.51
2024-11-04 04:00,64,62,58,52,43,42,43.29,36.74
2024-11-04 05:00,64,62,58,52,43,42,43.28,36.91
2024-11-04 06:00,64,62,58,52,43,42,43.28,36.62
2024-11-04 07:00,64,62,58,52,43,42,43.28,38.3
2024-11-04 08:00,64,62,58,52,43,42,43.27,40.1
2024-11-04 09:00,64,62,58,52,43,42,43.27,44.2
2024-11-04 10:00,64,62,58,52,43,42,43.26,45.19
2024-11-04 11:00,64,62,58,52,43,42,43.25,48.54
2024-11-04 12:00,64,62,58,52,43,42,43.24,50.66
2024-11-04 13:00,64,62,58,52,43,42,43.23,51.31
2024-11-04 14:00,64,62,58,52,43,42,43.22,51.48
2024-11-04 15:00,64,62,58,52,43,42,43.21,51.09
2024-11-04 16:00,64,62,58,52,43,42,43.2,50.34
2024-11-04 17:00,64,62,58,52,43,42,43.19,48.07
2024-11-04 18:00,64,62,58,52,43,42,43.18,44.23
2024-11-04 19:00,64,62,58,52,43,42,43.18,42.55
2024-11-04 20:00,64,62,58,52,43,42,43.17,40.59
2024-11-04 21:00,64,62,58,52,43,42,43.17,44.15
2024-11-04 22:00,64,62,58,52,43,42,43.18,40.65
2024-11-04 23:00,64,62,58,52,43,42,43.18,35.3
2024-11-05 00:00,64,62,58,52,43,42,43.18,33.72
2024-11-05 01:00,64,62,58,52,43,42,43.18,33.52
2024-11-05 02:00,64,62,58,52,43,42,43.19,34.02
2024-11-05 03:00,64,62,58,52,43,42,43.19,36.68
2024-11-05 04:00,64,62,58,52,43,42,43.19,37.14
2024-11-05 05:00,64,62,58,52,43,42,43.19,36.68
2024-11-05 06:00,64,62,58,52,43,42,43.19,35.11
2024-11-05 07:00,64,62,58,52,43,42,43.19,35.98
2024-11-05 08:00,64,62,58,52,43,42,43.18,35.69
2024-11-05 09:00,64,62,58,52,43,42,43.18,37.96
2024-11-05 10:00,64,62,58,52,43,42,43.17,40.05
2024-11-05 11:00,64,62,58,52,43,42,43.17,41.61
2024-11-05 12:00,64,62,58,52,43,42,43.16,43.12
2024-11-05 13:00,64,62,58,52,43,42,43.15,41.29
2024-11-05 14:00,64,62,58,52,43,42,43.14,42.54
2024-11-05 15:00,64,62,58,52,43,42,43.13,41.7
2024-11-05 16:00,64,62,58,52,43,42,43.12,40.54
2024-11-05 17:00,64,62,58,52,43,42,43.11,39.02
2024-11-05 18:00,64,62,58,52,43,42,43.1,38.33
2024-11-05 19:00,64,62,58,52,43,42,43.09,37.32
2024-11-05 20:00,64,62,58,52,43,42,43.08,37.42
2024-11-05 21:00,64,62,58,52,43,42,43.07,37.48
2024-11-05 22:00,64,62,58,52,43,42,43.06,37.1
2024-11-05 23:00,64,62,58,52,43,42,43.05,35.91
2024-11-06 00:00,64,62,58,52,43,42,43.05,33.61
2024-11-06 01:00,64,62,58,52,43,42,43.04,31.49
2024-11-06 02:00,64,62,58,52,43,42,43.03,29.15
2024-11-06 03:00,64,62,58,52,43,42,43.02,29.0
2024-11-06 04:00,64,62,58,52,43,42,43.01,27.58
2024-11-06 05:00,64,62,58,52,43,42,43.01,26.53
2024-11-06 06:00,64,62,58,52,43,42,43.0,26.67
2024-11-06 07:00,64,62,58,52,43,42,42.99,26.11
2024-11-06 08:00,64,62,58,52,43,42,42.98,31.18
2024-11-06 09:00,64,62,58,52,43,42,42.98,36.54
2024-11-06 10:00,64,62,58,52,43,42,42.97,39.92
2024-11-06 11:00,64,62,58,52,43,42,42.96,42.43
2024-11-06 12:00,64,62,58,52,43,42,42.95,45.94
2024-11-06 13:00,64,62,58,52,43,42,42.93,47.06
2024-11-06 14:00,64,62,58,52,43,42,42.92,48.38
2024-11-06 15:00,64,62,58,52,43,42,42.91,48.68
2024-11-06 16:00,64,62,58,52,43,42,42.89,48.68
2024-11-06 17:00,64,62,58,52,43,42,42.88,46.06
2024-11-06 18:00,64,62,58,52,43,42,42.87,38.73
2024-11-06 19:00,64,62,58,52,43,42,42.87,34.98
2024-11-06 20:00,64,62,58,52,43,42,42.86,34.51
2024-11-06 21:00,64,62,58,52,43,42,42.86,34.4
2024-11-06 22:00,64,62,58,52,43,42,42.86,31.04
2024-11-06 23:00,64,62,58,52,43,42,42.86,33.52
2024-11-07 00:00,64,62,58,52,43,42,42.85,30.31
2024-11-07 01:00,64,62,58,52,43,42,42.85,37.27
2024-11-07 02:00,64,62,58,52,43,42,42.85,32.32
2024-11-07 03:00,64,62,58,52,43,42,42.85,30.69
2024-11-07 04:00,64,62,58,52,43,42,42.85,28.89
2024-11-07 05:00,64,62,58,52,43,42,42.84,30.06
2024-11-07 06:00,64,62,58,52,43,42,42.84,31.3
2024-11-07 07:00,64,62,58,52,43,42,42.84,31.04
2024-11-07 08:00,64,62,58,52,43,42,42.83,33.63
2024-11-07 09:00,64,62,58,52,43,42,42.82,41.3
2024-11-07 10:00,64,62,58,52,43,42,42.82,44.14
2024-11-07 11:00,64,62,58,52,43,42,42.81,50.0
2024-11-07 12:00,64,62,58,52,43,42,42.79,54.81
2024-11-07 13:00,64,62,58,52,43,42,42.78,56.66
2024-11-07 14:00,64,62,58,52,43,42,42.76,57.36
2024-11-07 15:00,64,62,58,52,43,42,42.74,58.19
2024-11-07 16:00,64,62,58,52,43,42,42.73,57.71
2024-11-07 17:00,64,62,58,52,43,42,42.71,49.85
2024-11-07 18:00,64,62,58,52,43,42,42.7,42.42
2024-11-07 19:00,64,62,58,52,43,42,42.69,39.67
2024-11-07 20:00,64,62,58,52,43,42,42.68,36.35
2024-11-07 21:00,64,62,58,52,43,42,42.68,35.36
2024-11-07 22:00,64,62,58,52,43,42,42.67,34.02
2024-11-07 23:00,64,62,58,52,43,42,42.67,31.43
2024-11-08 00:00,64,62,58,52,43,42,42.67,30.57
2024-11-08 01:00,64,62,58,52,43,42,42.66,30.28
2024-11-08 02:00,64,62,58,52,43,42,42.66,29.59
2024-11-08 03:00,64,62,58,52,43,42,42.66,35.93
2024-11-08 04:00,64,62,58,52,43,42,42.66,35.99
2024-11-08 05:00,64,62,58,52,43,42,42.66,35.58
2024-11-08 06:00,64,62,58,52,43,42,42.66,33.17
2024-11-08 07:00,64,62,58,52,43,42,42.65,35.03
2024-11-08 08:00,64,62,58,52,43,42,42.65,38.2
2024-11-08 09:00,64,62,58,52,43,42,42.64,43.21
2024-11-08 10:00,64,62,58,52,43,42,42.64,48.98
2024-11-08 11:00,64,62,58,52,43,42,42.63,53.58
2024-11-08 12:00,64,62,58,52,43,42,42.62,59.36
2024-11-08 13:00,64,62,58,52,43,42,42.61,61.4
2024-11-08 14:00,64,62,58,52,43,42,42.6,64.15
2024-11-08 15:00,64,62,58,52,43,42,42.58,63.97
2024-11-08 16:00,64,62,58,52,43,42,42.57,60.18
2024-11-08 17:00,64,62,58,52,43,42,42.55,51.81
2024-11-08 18:00,64,62,58,52,43,42,42.54,46.44
2024-11-08 19:00,64,62,58,52,43,42,42.54,42.22
2024-11-08 20:00,64,62,58,52,43,42,42.53,39.41
2024-11-08 21:00,64,62,58,52,43,42,42.52,37.16
2024-11-08 22:00,64,62,58,52,43,42,42.52,36.03
2024-11-08 23:00,64,62,58,52,43,42,42.52,34.62
2024-11-09 00:00,64,62,58,52,43,42,42.52,36.72
2024-11-09 01:00,64,62,58,52,43,42,42.51,39.81
2024-11-09 02:00,64,62,58,52,43,42,42.51,40.74
2024-11-09 03:00,64,62,58,52,43,42,42.51,40.39
2024-11-09 04:00,64,62,58,52,43,42,42.51,40.56
2024-11-09 05:00,64,62,58,52,43,42,42.51,39.4
2024-11-09 06:00,64,62,58,52,43,42,42.51,38.73
2024-11-09 07:00,64,62,58,52,43,42,42.51,38.96
2024-11-09 08:00,64,62,58,52,43,42,42.51,40.56
2024-11-09 09:00,64,62,58,52,43,42,42.51,43.33
2024-11-09 10:00,64,62,58,52,43,42,42.51,46.19
2024-11-09 11:00,64,62,58,52,43,42,42.51,48.51
2024-11-09 12:00,64,62,58,52,43,42,42.51,50.88
2024-11-09 13:00,64,62,58,52,43,42,42.51,52.84
2024-11-09 14:00,64,62,58,52,43,42,42.5,54.95
2024-11-09 15:00,64,62,58,52,43,42,42.5,52.84
2024-11-09 16:00,64,62,58,52,43,42,42.49,52.14
2024-11-09 17:00,64,62,58,52,43,42,42.49,49.09
2024-11-09 18:00,64,62,58,52,43,42,42.49,46.43
2024-11-09 19:00,64,62,58,52,43,42,42.48,44.44
2024-11-09 20:00,64,62,58,52,43,42,42.48,43.71
2024-11-09 21:00,64,62,58,52,43,42,42.48,42.78
2024-11-09 22:00,64,62,58,52,43,42,42.48,43.61
2024-11-09 23:00,64,62,58,52,43,42,42.48,43.47
2024-11-10 00:00,64,62,58,52,43,42,42.48,45.25
2024-11-10 01:00,64,62,58,52,43,42,42.48,43.04
2024-11-10 02:00,64,62,58,52,43,42,42.48,40.48
2024-11-10 03:00,64,62,58,52,43,42,42.48,40.33
2024-11-10 04:00,64,62,58,52,43,42,42.48,40.16
2024-11-10 05:00,64,62,58,52,43,42,42.48,39.9
2024-11-10 06:00,64,62,58,52,43,42,42.48,39.69
2024-11-10 07:00,64,62,58,52,43,42,42.48,39.81
2024-11-10 08:00,64,62,58,52,43,42,42.48,41.53
2024-11-10 09:00,64,62,58,52,43,42,42.49,42.75
2024-11-10 10:00,64,62,58,52,43,42,42.49,44.9
2024-11-10 11:00,64,62,58,52,43,42,42.5,47.43
2024-11-10 12:00,64,62,58,52,43,42,42.5,47.26
2024-11-10 13:00,64,62,58,52,43,42,42.5,48.25
2024-11-10 14:00,64,62,58,52,43,42,42.51,49.61
2024-11-10 15:00,64,62,58,52,43,42,42.51,49.11
2024-11-10 16:00,64,62,58,52,43,42,42.52,47.65
2024-11-10 17:00,64,62,58,52,43,42,42.52,46.78
2024-11-10 18:00,64,62,58,52,43,42,42.53,46.56
2024-11-10 19:00,64,62,58,52,43,42,42.54,46.68
2024-11-10 20:00,64,62,58,52,43,42,42.55,47.64
2024-11-10 21:00,64,62,58,52,43,42,42.56,47.03
2024-11-10 22:00,64,62,58,52,43,42,42.56,48.54
2024-11-10 23:00,64,62,58,52,43,42,42.57,47.5
2024-11-11 00:00,64,62,58,52,43,42,42.58,49.3
2024-11-11 01:00,64,62,58,52,43,42,42.6,48.25
2024-11-11 02:00,64,62,58,52,43,42,42.6,48.95
2024-11-11 03:00,64,62,58,52,43,42,42.62,48.72
2024-11-11 04:00,64,62,58,52,43,42,42.63,48.95
2024-11-11 05:00,64,62,58,52,43,42,42.64,47.99
2024-11-11 06:00,64,62,58,52,43,42,42.65,44.53
2024-11-11 07:00,64,62,58,52,43,42,42.66,43.02
2024-11-11 08:00,64,62,58,52,43,42,42.67,42.7
2024-11-11 09:00,64,62,58,52,43,42,42.68,42.68
2024-11-11 10:00,64,62,58,52,43,42,42.69,43.35
2024-11-11 11:00,64,62,58,52,43,42,42.7,44.54
2024-11-11 12:00,64,62,58,52,43,42,42.71,44.1
2024-11-11 13:00,64,62,58,52,43,42,42.72,44.41
2024-11-11 14:00,64,62,58,52,43,42,42.72,43.39
2024-11-11 15:00,64,62,58,52,43,42,42.73,42.96
2024-11-11 16:00,64,62,58,52,43,42,42.74,42.05
2024-11-11 17:00,64,62,58,52,43,42,42.74,41.43
2024-11-11 18:00,64,62,58,52,43,42,42.75,41.12
2024-11-11 19:00,64,62,58,52,43,42,42.75,40.36
2024-11-11 20:00,64,62,58,52,43,42,42.76,39.43
2024-11-11 21:00,64,62,58,52,43,42,42.76,38.91
2024-11-11 22:00,64,62,58,52,43,42,42.77,37.69
2024-11-11 23:00,64,62,58,52,43,42,42.77,38.46
2024-11-12 00:00,64,62,58,52,43,42,42.77,38.59
2024-11-12 01:00,64,62,58,52,43,42,42.77,36.55
2024-11-12 02:00,64,62,58,52,43,42,42.77,37.22
2024-11-12 03:00,64,62,58,52,43,42,42.77,38.67
2024-11-12 04:00,64,62,58,52,43,42,42.77,38.41
2024-11-12 05:00,64,62,58,52,43,42,42.77,37.54
2024-11-12 06:00,64,62,58,52,43,42,42.76,37.33
2024-11-12 07:00,64,62,58,52,43,42,42.76,36.37
2024-11-12 08:00,64,62,58,52,43,42,42.75,38.53
2024-11-12 09:00,64,62,58,52,43,42,42.74,40.56
2024-11-12 10:00,64,62,58,52,43,42,42.73,41.45
2024-11-12 11:00,64,62,58,52,43,42,42.72,43.68
2024-11-12 12:00,64,62,58,52,43,42,42.7,44.96
2024-11-12 13:00,64,62,58,52,43,42,42.69,45.89
2024-11-12 14:00,64,62,58,52,43,42,42.67,45.69
2024-11-12 15:00,64,62,58,52,43,42,42.65,46.11
2024-11-12 16:00,64,62,58,52,43,42,42.64,45.79
2024-11-12 17:00,64,62,58,52,43,42,42.62,44.42
2024-11-12 18:00,64,62,58,52,43,42,42.61,40.52
2024-11-12 19:00,64,62,58,52,43,42,42.59,38.18
2024-11-12 20:00,64,62,58,52,43,42,42.58,37.34
2024-11-12 21:00,64,62,58,52,43,42,42.57,37.63
2024-11-12 22:00,64,62,58,52,43,42,42.57,38.22
2024-11-12 23:00,64,62,58,52,43,42,42.56,38.75
2024-11-13 00:00,64,62,58,52,43,42,42.55,39.19
2024-11-13 01:00,64,62,58,52,43,42,42.55,38.09
2024-11-13 02:00,64,62,58,52,43,42,42.54,37.07
2024-11-13 03:00,64,62,58,52,43,42,42.54,37.36
2024-11-13 04:00,64,62,58,52,43,42,42.54,37.22
2024-11-13 05:00,64,62,58,52,43,42,42.53,38.85
2024-11-13 06:00,64,62,58,52,43,42,42.53,39.28
2024-11-13 07:00,64,62,58,52,43,42,42.53,40.22
2024-11-13 08:00,64,62,58,52,43,42,42.53,40.59
2024-11-13 09:00,64,62,58,52,43,42,42.53,40.91
2024-11-13 10:00,64,62,58,52,43,42,42.52,40.67
2024-11-13 11:00,64,62,58,52,43,42,42.52,41.02
2024-11-13 12:00,64,62,58,52,43,42,42.51,40.07
2024-11-13 13:00,64,62,58,52,43,42,42.51,40.68
2024-11-13 14:00,64,62,58,52,43,42,42.5,39.2
2024-11-13 15:00,64,62,58,52,43,42,42.5,38.91
2024-11-13 16:00,64,62,58,52,43,42,42.49,38.92
2024-11-13 17:00,64,62,58,52,43,42,42.48,38.66
2024-11-13 18:00,64,62,58,52,43,42,42.48,38.7
2024-11-13 19:00,64,62,58,52,43,42,42.47,38.09
2024-11-13 20:00,64,62,58,52,43,42,42.47,37.97
2024-11-13 21:00,64,62,58,52,43,42,42.46,38.24
2024-11-13 22:00,64,62,58,52,43,42,42.46,38.18
2024-11-13 23:00,64,62,58,52,43,42,42.45,38.0
2024-11-14 00:00,64,62,58,52,43,42,42.44,37.28
2024-11-14 01:00,64,62,58,52,43,42,42.43,36.61
2024-11-14 02:00,64,62,58,52,43,42,42.42,36.61
2024-11-14 03:00,64,62,58,52,43,42,42.41,37.34
2024-11-14 04:00,64,62,58,52,43,42,42.4,37.05
2024-11-14 05:00,64,62,58,52,43,42,42.39,36.82
2024-11-14 06:00,64,62,58,52,43,42,42.38,36.68
2024-11-14 07:00,64,62,58,52,43,42,42.37,36.21
2024-11-14 08:00,64,62,58,52,43,42,42.35,36.01
2024-11-14 09:00,64,62,58,52,43,42,42.34,38.83
2024-11-14 10:00,64,62,58,52,43,42,42.32,40.45
2024-11-14 11:00,64,62,58,52,43,42,42.3,42.89
2024-11-14 12:00,64,62,58,52,43,42,42.28,43.45
2024-11-14 13:00,64,62,58,52,43,42,42.26,43.94
2024-11-14 14:00,64,62,58,52,43,42,42.24,43.45
2024-11-14 15:00,64,62,58,52,43,42,42.22,42.66
2024-11-14 16:00,64,62,58,52,43,42,42.2,41.88
2024-11-14 17:00,64,62,58,52,43,42,42.18,39.72
2024-11-14 18:00,64,62,58,52,43,42,42.16,37.34
2024-11-14 19:00,64,62,58,52,43,42,42.14,35.9
2024-11-14 20:00,64,62,58,52,43,42,42.13,34.16
2024-11-14 21:00,64,62,58,52,43,42,42.12,34.54
2024-11-14 22:00,64,62,58,52,43,42,42.1,34.75
2024-11-14 23:00,64,62,58,52,43,42,42.09,35.31
2024-11-15 00:00,64,62,58,52,43,42,42.08,33.07
2024-11-15 01:00,64,62,58,52,43,42,42.08,31.71
2024-11-15 02:00,64,62,58,52,43,42,42.07,32.26
2024-11-15 03:00,64,62,58,52,43,42,42.06,32.58
2024-11-15 04:00,64,62,58,52,43,42,42.05,32.61
2024-11-15 05:00,64,62,58,52,43,42,42.05,32.9
2024-11-15 06:00,64,62,58,52,43,42,42.04,34.13
2024-11-15 07:00,64,62,58,52,43,42,42.03,32.44
2024-11-15 08:00,64,62,58,52,43,42,42.02,32.21
2024-11-15 09:00,64,62,58,52,43,42,42.02,34.68
2024-11-15 10:00,64,62,58,52,43,42,42.01,37.3
2024-11-15 11:00,64,62,58,52,43,42,41.99,39.18
2024-11-15 12:00,64,62,58,52,43,42,41.98,39.64
2024-11-15 13:00,64,62,58,52,43,42,41.97,40.04
2024-11-15 14:00,64,62,58,52,43,42,41.95,39.95
2024-11-15 15:00,64,62,58,52,43,42,41.94,39.4
2024-11-15 16:00,64,62,58,52,43,42,41.92,36.96
2024-11-15 17:00,64,62,58,52,43,42,41.91,34.39
2024-11-15 18:00,64,62,58,52,43,42,41.89,33.01
2024-11-15 19:00,64,62,58,52,43,42,41.88,31.51
2024-11-15 20:00,64,62,58,52,43,42,41.87,27.08
2024-11-15 21:00,64,62,58,52,43,42,41.86,25.05
2024-11-15 22:00,64,62,58,52,43,42,41.85,23.9
2024-11-15 23:00,64,62,58,52,43,42,41.84,24.02
2024-11-16 00:00,64,62,58,52,43,42,41.83,23.51
2024-11-16 01:00,64,62,58,52,43,42,41.82,24.68
2024-11-16 02:00,64,62,58,52,43,42,41.81,24.68
2024-11-16 03:00,64,62,58,52,43,42,41.8,23.66
2024-11-16 04:00,64,62,58,52,43,42,41.78,24.21
2024-11-16 05:00,64,62,58,52,43,42,41.77,25.5
2024-11-16 06:00,64,62,58,52,43,42,41.75,25.09
2024-11-16 07:00,64,62,58,52,43,42,41.74,25.32
2024-11-16 08:00,64,62,58,52,43,42,41.72,26.52
2024-11-16 09:00,64,62,58,52,43,42,41.7,28.0
2024-11-16 10:00,64,62,58,52,43,42,41.67,30.8
2024-11-16 11:00,64,62,58,52,43,42,41.65,33.14
2024-11-16 12:00,64,62,58,52,43,42,41.62,35.84
2024-11-16 13:00,64,62,58,52,43,42,41.6,37.13
2024-11-16 14:00,64,62,58,52,43,42,41.56,37.91
2024-11-16 15:00,64,62,58,52,43,42,41.53,32.95
2024-11-16 16:00,64,62,58,52,43,42,41.5,33.77
2024-11-16 17:00,64,62,58,52,43,42,41.48,34.24
2024-11-16 18:00,64,62,58,52,43,42,41.45,34.48
2024-11-16 19:00,64,62,58,52,43,42,41.42,34.8
2024-11-16 20:00,64,62,58,52,43,42,41.39,34.65
2024-11-16 21:00,64,62,58,52,43,42,41.36,35.26
2024-11-16 22:00,64,62,58,52,43,42,41.33,35.99
2024-11-16 23:00,64,62,58,52,43,42,41.3,35.26
2024-11-17 00:00,64,62,58,52,43,42,41.28,36.63
2024-11-17 01:00,64,62,58,52,43,42,41.25,37.1
2024-11-17 02:00,64,62,58,52,43,42,41.22,38.49
2024-11-17 03:00,64,62,58,52,43,42,41.2,38.02
2024-11-17 04:00,64,62,58,52,43,42,41.17,37.52
2024-11-17 05:00,64,62,58,52,43,42,41.15,37.73
2024-11-17 06:00,64,62,58,52,43,42,41.12,38.83
2024-11-17 07:00,64,62,58,52,43,42,41.1,39.76
2024-11-17 08:00,64,62,58,52,43,42,41.08,40.86
2024-11-17 09:00,64,62,58,52,43,42,41.06,40.68
2024-11-17 10:00,64,62,58,52,43,42,41.04,42.66
2024-11-17 11:00,64,62,58,52,43,42,41.01,44.51
2024-11-17 12:00,64,62,58,52,43,42,41.0,46.12
2024-11-17 13:00,64,62,58,52,43,42,40.97,45.31
2024-11-17 14:00,64,62,58,52,43,42,40.95,41.12
2024-11-17 15:00,64,62,58,52,43,42,40.94,41.58
2024-11-17 16:00,64,62,58,52,43,42,40.92,38.68
2024-11-17 17:00,64,62,58,52,43,42,40.9,35.07
2024-11-17 18:00,64,62,58,52,43,42,40.89,35.21
2024-11-17 19:00,64,62,58,52,43,42,40.88,31.98
2024-11-17 20:00,64,62,58,52,43,42,40.87,31.14
2024-11-17 21:00,64,62,58,52,43,42,40.86,30.91
2024-11-17 22:00,64,62,58,52,43,42,40.86,30.75
2024-11-17 23:00,64,62,58,52,43,42,40.85,30.81
2024-11-18 00:00,64,62,58,52,43,42,40.85,31.19
2024-11-18 01:00,64,62,58,52,43,42,40.84,31.04
2024-11-18 02:00,64,62,58,52,43,42,40.84,30.46
2024-11-18 03:00,64,62,58,52,43,42,40.84,30.23
2024-11-18 04:00,64,62,58,52,43,42,40.83,31.25
2024-11-18 05:00,64,62,58,52,43,42,40.82,29.96
2024-11-18 06:00,64,62,58,52,43,42,40.82,30.66
2024-11-18 07:00,64,62,58,52,43,42,40.81,29.88
2024-11-18 08:00,64,62,58,52,43,42,40.8,30.68
2024-11-18 09:00,64,62,58,52,43,42,40.78,32.14
2024-11-18 10:00,64,62,58,52,43,42,40.77,32.33
2024-11-18 11:00,64,62,58,52,43,42,40.75,32.58
2024-11-18 12:00,64,62,58,52,43,42,40.73,35.41
2024-11-18 13:00,64,62,58,52,43,42,40.71,35.87
2024-11-18 14:00,64,62,58,52,43,42,40.69,31.39
2024-11-18 15:00,64,62,58,52,43,42,40.66,34.3
2024-11-18 16:00,64,62,58,52,43,42,40.64,33.22
2024-11-18 17:00,64,62,58,52,43,42,40.61,29.99
2024-11-18 18:00,64,62,58,52,43,42,40.59,29.35
2024-11-18 19:00,64,62,58,52,43,42,40.57,29.5
2024-11-18 20:00,64,62,58,52,43,42,40.55,30.27
2024-11-18 21:00,64,62,58,52,43,42,40.53,28.76
2024-11-18 22:00,64,62,58,52,43,42,40.51,28.62
2024-11-18 23:00,64,62,58,52,43,42,40.49,29.06
2024-11-19 00:00,64,62,58,52,43,42,40.47,27.6
2024-11-19 01:00,64,62,58,52,43,42,40.46,27.66
2024-11-19 02:00,64,62,58,52,43,42,40.44,27.89
2024-11-19 03:00,64,62,58,52,43,42,40.42,28.21
2024-11-19 04:00,64,62,58,52,43,42,40.4,29.55
2024-11-19 05:00,64,62,58,52,43,42,40.38,30.31
2024-11-19 06:00,64,62,58,52,43,42,40.36,30.48
2024-11-19 07:00,64,62,58,52,43,42,40.34,30.13
2024-11-19 08:00,64,62,58,52,43,42,40.31,31.07
2024-11-19 09:00,64,62,58,52,43,42,40.29,32.58
2024-11-19 10:00,64,62,58,52,43,42,40.27,33.95
2024-11-19 11:00,64,62,58,52,43,42,40.24,35.7
2024-11-19 12:00,64,62,58,52,43,42,40.21,35.87
2024-11-19 13:00,64,62,58,52,43,42,40.19,36.95
2024-11-19 14:00,64,62,58,52,43,42,40.16,38.05
2024-11-19 15:00,64,62,58,52,43,42,40.13,38.88
2024-11-19 16:00,64,62,58,52,43,42,40.1,38.24
2024-11-19 17:00,64,62,58,52,43,42,40.07,38.93
2024-11-19 18:00,64,62,58,52,43,42,40.04,37.48
2024-11-19 19:00,64,62,58,52,43,42,40.01,34.16
2024-11-19 20:00,64,62,58,52,43,42,39.99,34.49
2024-11-19 21:00,64,62,58,52,43,42,39.96,35.11
2024-11-19 22:00,64,62,58,52,43,42,39.93,36.51
2024-11-19 23:00,64,62,58,52,43,42,39.91,37.18
2024-11-20 00:00,64,62,58,52,43,42,39.88,36.53
2024-11-20 01:00,64,62,58,52,43,42,39.86,37.26
2024-11-20 02:00,64,62,58,52,43,42,39.84,36.21
2024-11-20 03:00,64,62,58,52,43,42,39.82,35.92
2024-11-20 04:00,64,62,58,52,43,42,39.8,36.39
2024-11-20 05:00,64,62,58,52,43,42,39.78,36.01
2024-11-20 06:00,64,62,58,52,43,42,39.76,35.98
2024-11-20 07:00,64,62,58,52,43,42,39.75,36.27
2024-11-20 08:00,64,62,58,52,43,42,39.73,37.5
2024-11-20 09:00,64,62,58,52,43,42,39.71,38.48
2024-11-20 10:00,64,62,58,52,43,42,39.7,41.91
2024-11-20 11:00,64,62,58,52,43,42,39.68,41.55
2024-11-20 12:00,64,62,58,52,43,42,39.67,42.64
2024-11-20 13:00,64,62,58,52,43,42,39.65,40.01
2024-11-20 14:00,64,62,58,52,43,42,39.64,37.98
2024-11-20 15:00,64,62,58,52,43,42,39.62,37.64
2024-11-20 16:00,64,62,58,52,43,42,39.61,37.33
2024-11-20 17:00,64,62,58,52,43,42,39.6,36.66
2024-11-20 18:00,64,62,58,52,43,42,39.59,36.55
2024-11-20 19:00,64,62,58,52,43,42,39.57,36.31
2024-11-20 20:00,64,62,58,52,43,42,39.57,36.72
2024-11-20 21:00,64,62,58,52,43,42,39.56,35.73
2024-11-20 22:00,64,62,58,52,43,42,39.55,36.87
2024-11-20 23:00,64,62,58,52,43,42,39.54,36.96
2024-11-21 00:00,64,62,58,52,43,42,39.54,37.19
2024-11-21 01:00,64,62,58,52,43,42,39.53,37.02
2024-11-21 02:00,64,62,58,52,43,42,39.53,36.61
2024-11-21 03:00,64,62,58,52,43,42,39.52,36.81
2024-11-21 04:00,64,62,58,52,43,42,39.52,36.93
2024-11-21 05:00,64,62,58,52,43,42,39.51,37.23
2024-11-21 06:00,64,62,58,52,43,42,39.51,35.25
2024-11-21 07:00,64,62,58,52,43,42,39.51,34.96
2024-11-21 08:00,64,62,58,52,43,42,39.5,36.27
2024-11-21 09:00,64,62,58,52,43,42,39.5,38.49
2024-11-21 10:00,64,62,58,52,43,42,39.49,40.1
2024-11-21 11:00,64,62,58,52,43,42,39.49,40.97
2024-11-21 12:00,64,62,58,52,43,42,39.48,42.83
2024-11-21 13:00,64,62,58,52,43,42,39.47,42.98
2024-11-21 14:00,64,62,58,52,43,42,39.47,42.86
2024-11-21 15:00,64,62,58,52,43,42,39.46,42.52
2024-11-21 16:00,64,62,58,52,43,42,39.45,41.56
2024-11-21 17:00,64,62,58,52,43,42,39.45,40.65
2024-11-21 18:00,64,62,58,52,43,42,39.45,40.28
2024-11-21 19:00,64,62,58,52,43,42,39.44,39.52
2024-11-21 20:00,64,62,58,52,43,42,39.45,39.62
2024-11-21 21:00,64,62,58,52,43,42,39.45,39.63
2024-11-21 22:00,64,62,58,52,43,42,39.45,41.73
2024-11-21 23:00,64,62,58,52,43,42,39.45,42.43
2024-11-22 00:00,64,62,58,52,43,42,39.46,42.88
2024-11-22 01:00,64,62,58,52,43,42,39.47,44.67
2024-11-22 02:00,64,62,58,52,43,42,39.47,43.45
2024-11-22 03:00,64,62,58,52,43,42,39.48,43.8
2024-11-22 04:00,64,62,58,52,43,42,39.49,44.38
2024-11-22 05:00,64,62,58,52,43,42,39.5,45.43
2024-11-22 06:00,64,62,58,52,43,42,39.51,46.59
2024-11-22 07:00,64,62,58,52,43,42,39.51,47.14
2024-11-22 08:00,64,62,58,52,43,42,39.52,48.16
2024-11-22 09:00,64,62,58,52,43,42,39.53,49.46
2024-11-22 10:00,64,62,58,52,43,42,39.54,50.26
2024-11-22 11:00,64,62,58,52,43,42,39.54,50.98
2024-11-22 12:00,64,62,58,52,43,42,39.55,50.43
2024-11-22 13:00,64,62,58,52,43,42,39.55,51.38
2024-11-22 14:00,64,62,58,52,43,42,39.56,50.26
2024-11-22 15:00,64,62,58,52,43,42,39.57,47.7
2024-11-22 16:00,64,62,58,52,43,42,39.57,46.84
2024-11-22 17:00,64,62,58,52,43,42,39.58,44.47
2024-11-22 18:00,64,62,58,52,43,42,39.6,43.36
2024-11-22 19:00,64,62,58,52,43,42,39.61,41.74
2024-11-22 20:00,64,62,58,52,43,42,39.63,39.37
2024-11-22 21:00,64,62,58,52,43,42,39.65,39.84
2024-11-22 22:00,64,62,58,52,43,42,39.67,38.41
2024-11-22 23:00,64,62,58,52,43,42,39.69,37.98
2024-11-23 00:00,64,62,58,52,43,42,39.71,36.46
2024-11-23 01:00,64,62,58,52,43,42,39.73,36.47
2024-11-23 02:00,64,62,58,52,43,42,39.76,36.37
2024-11-23 03:00,64,62,58,52,43,42,39.78,34.45
2024-11-23 04:00,64,62,58,52,43,42,39.81,34.98
2024-11-23 05:00,64,62,58,52,43,42,39.83,34.66
2024-11-23 06:00,64,62,58,52,43,42,39.85,36.21
2024-11-23 07:00,64,62,58,52,43,42,39.87,35.57
2024-11-23 08:00,64,62,58,52,43,42,39.9,36.27
2024-11-23 09:00,64,62,58,52,43,42,39.92,36.85
2024-11-23 10:00,64,62,58,52,43,42,39.93,38.99
2024-11-23 11:00,64,62,58,52,43,42,39.95,38.93
2024-11-23 12:00,64,62,58,52,43,42,39.96,38.99
2024-11-23 13:00,64,62,58,52,43,42,39.98,41.48
2024-11-23 14:00,64,62,58,52,43,42,39.99,42.86
2024-11-23 15:00,64,62,58,52,43,42,40.0,41.12
2024-11-23 16:00,64,62,58,52,43,42,40.01,39.43
2024-11-23 17:00,64,62,58,52,43,42,40.02,37.63
2024-11-23 18:00,64,62,58,52,43,42,40.03,34.38
2024-11-23 19:00,64,62,58,52,43,42,40.04,34.6
2024-11-23 20:00,64,62,58,52,43,42,40.05,33.56
2024-11-23 21:00,64,62,58,52,43,42,40.06,33.21
2024-11-23 22:00,64,62,58,52,43,42,40.08,33.34
2024-11-23 23:00,64,62,58,52,43,42,40.09,32.32
2024-11-24 00:00,64,62,58,52,43,42,40.1,31.8
2024-11-24 01:00,64,62,58,52,43,42,40.11,31.04
2024-11-24 02:00,64,62,58,52,43,42,40.12,32.9
2024-11-24 03:00,64,62,58,52,43,42,40.13,32.67
2024-11-24 04:00,64,62,58,52,43,42,40.14,32.56
2024-11-24 05:00,64,62,58,52,43,42,40.15,32.26
2024-11-24 06:00,64,62,58,52,43,42,40.16,32.21
2024-11-24 07:00,64,62,58,52,43,42,40.16,32.64
2024-11-24 08:00,64,62,58,52,43,42,40.16,33.78
2024-11-24 09:00,64,62,58,52,43,42,40.17,34.94
2024-11-24 10:00,64,62,58,52,43,42,40.17,37.74
2024-11-24 11:00,64,62,58,52,43,42,40.16,41.98
2024-11-24 12:00,64,62,58,52,43,42,40.16,43.24
2024-11-24 13:00,64,62,58,52,43,42,40.15,44.04
2024-11-24 14:00,64,62,58,52,43,42,40.15,44.49
2024-11-24 15:00,64,62,58,52,43,42,40.14,43.04
2024-11-24 16:00,64,62,58,52,43,42,40.13,41.82
2024-11-24 17:00,64,62,58,52,43,42,40.13,39.96
2024-11-24 18:00,64,62,58,52,43,42,40.12,38.5
2024-11-24 19:00,64,62,58,52,43,42,40.12,38.64
2024-11-24 20:00,64,62,58,52,43,42,40.13,34.42
2024-11-24 21:00,64,62,58,52,43,42,40.13,34.42
2024-11-24 22:00,64,62,58,52,43,42,40.13,36.21
2024-11-24 23:00,64,62,58,52,43,42,40.14,37.84
2024-11-25 00:00,64,62,58,52,43,42,40.14,37.78
2024-11-25 01:00,64,62,58,52,43,42,40.15,36.96
2024-11-25 02:00,64,62,58,52,43,42,40.15,35.27
2024-11-25 03:00,64,62,58,52,43,42,40.16,34.99
2024-11-25 04:00,64,62,58,52,43,42,40.16,36.05
2024-11-25 05:00,64,62,58,52,43,42,40.17,35.85
2024-11-25 06:00,64,62,58,52,43,42,40.17,33.72
2024-11-25 07:00,64,62,58,52,43,42,40.17,33.31
2024-11-25 08:00,64,62,58,52,43,42,40.17,35.21
2024-11-25 09:00,64,62,58,52,43,42,40.17,37.8
2024-11-25 10:00,64,62,58,52,43,42,40.16,38.43
2024-11-25 11:00,64,62,58,52,43,42,40.16,39.14
2024-11-25 12:00,64,62,58,52,43,42,40.15,39.4
2024-11-25 13:00,64,62,58,52,43,42,40.14,38.88
2024-11-25 14:00,64,62,58,52,43,42,40.13,36.43
2024-11-25 15:00,64,62,58,52,43,42,40.12,35.94
2024-11-25 16:00,64,62,58,52,43,42,40.11,37.01
2024-11-25 17:00,64,62,58,52,43,42,40.1,36.43
2024-11-25 18:00,64,62,58,52,43,42,40.08,35.85
2024-11-25 19:00,64,62,58,52,43,42,40.07,35.04
2024-11-25 20:00,64,62,58,52,43,42,40.06,35.42
2024-11-25 21:00,64,62,58,52,43,42,40.05,35.31
2024-11-25 22:00,64,62,58,52,43,42,40.03,35.13
2024-11-25 23:00,64,62,58,52,43,42,40.02,34.35
2024-11-26 00:00,64,62,58,52,43,42,40.01,33.98
2024-11-26 01:00,64,62,58,52,43,42,40.0,32.73
2024-11-26 02:00,64,62,58,52,43,42,39.98,31.97
2024-11-26 03:00,64,62,58,52,43,42,39.97,31.83
2024-11-26 04:00,64,62,58,52,43,42,39.96,32.56
2024-11-26 05:00,64,62,58,52,43,42,39.95,32.79
2024-11-26 06:00,64,62,58,52,43,42,39.94,32.56
2024-11-26 07:00,64,62,58,52,43,42,39.93,32.09
2024-11-26 08:00,64,62,58,52,43,42,39.92,32.5
2024-11-26 09:00,64,62,58,52,43,42,39.91,33.98
2024-11-26 10:00,64,62,58,52,43,42,39.9,36.57
2024-11-26 11:00,64,62,58,52,43,42,39.89,37.29
2024-11-26 12:00,64,62,58,52,43,42,39.88,38.65
2024-11-26 13:00,64,62,58,52,43,42,39.87,39.6
2024-11-26 14:00,64,62,58,52,43,42,39.85,39.63
2024-11-26 15:00,64,62,58,52,43,42,39.84,38.82
2024-11-26 16:00,64,62,58,52,43,42,39.83,37.92
2024-11-26 17:00,64,62,58,52,43,42,39.83,34.19
2024-11-26 18:00,64,62,58,52,43,42,39.82,30.1
2024-11-26 19:00,64,62,58,52,43,42,39.81,27.43
2024-11-26 20:00,64,62,58,52,43,42,39.81,26.88
2024-11-26 21:00,64,62,58,52,43,42,39.81,26.23
2024-11-26 22:00,64,62,58,52,43,42,39.8,24.45
2024-11-26 23:00,64,62,58,52,43,42,39.8,23.44
2024-11-27 00:00,64,62,58,52,43,42,39.79,23.22
2024-11-27 01:00,64,62,58,52,43,42,39.79,22.41
2024-11-27 02:00,64,62,58,52,43,42,39.79,23.86
2024-11-27 03:00,64,62,58,52,43,42,39.78,25.35
2024-11-27 04:00,64,62,58,52,43,42,39.77,24.68
2024-11-27 05:00,64,62,58,52,43,42,39.76,24.56
2024-11-27 06:00,64,62,58,52,43,42,39.76,23.54
2024-11-27 07:00,64,62,58,52,43,42,39.74,23.75
2024-11-27 08:00,64,62,58,52,43,42,39.73,24.21
2024-11-27 09:00,64,62,58,52,43,42,39.72,25.41
2024-11-27 10:00,64,62,58,52,43,42,39.7,28.67
2024-11-27 11:00,64,62,58,52,43,42,39.68,32.63
2024-11-27 12:00,64,62,58,52,43,42,39.66,34.63
2024-11-27 13:00,64,62,58,52,43,42,39.64,36.89
2024-11-27 14:00,64,62,58,52,43,42,39.61,37.41
2024-11-27 15:00,64,62,58,52,43,42,39.59,37.48
2024-11-27 16:00,64,62,58,52,43,42,39.56,36.05
2024-11-27 17:00,64,62,58,52,43,42,39.53,32.35
2024-11-27 18:00,64,62,58,52,43,42,39.51,30.93
2024-11-27 19:00,64,62,58,52,43,42,39.48,28.5
2024-11-27 20:00,64,62,58,52,43,42,39.46,29.09
2024-11-27 21:00,64,62,58,52,43,42,39.44,28.77
2024-11-27 22:00,64,62,58,52,43,42,39.41,26.79
2024-11-27 23:00,64,62,58,52,43,42,39.39,24.62
2024-11-28 00:00,64,62,58,52,43,42,39.37,23.57
2024-11-28 01:00,64,62,58,52,43,42,39.35,22.58
2024-11-28 02:00,64,62,58,52,43,42,39.34,21.91
2024-11-28 03:00,64,62,58,52,43,42,39.32,21.53
2024-11-28 04:00,64,62,58,52,43,42,39.3,21.27
2024-11-28 05:00,64,62,58,52,43,42,39.28,21.42
2024-11-28 06:00,64,62,58,52,43,42,39.26,21.14
2024-11-28 07:00,64,62,58,52,43,42,39.24,21.15
2024-11-28 08:00,64,62,58,52,43,42,39.22,21.47
2024-11-28 09:00,64,62,58,52,43,42,39.2,23.94
2024-11-28 10:00,64,62,58,52,43,42,39.17,25.94
2024-11-28 11:00,64,62,58,52,43,42,39.15,30.51
2024-11-28 12:00,64,62,58,52,43,42,39.12,33.01
2024-11-28 13:00,64,62,58,52,43,42,39.09,36.84
2024-11-28 14:00,64,62,58,52,43,42,39.06,37.79
2024-11-28 15:00,64,62,58,52,43,42,39.03,38.52
2024-11-28 16:00,64,62,58,52,43,42,39.0,37.68
2024-11-28 17:00,64,62,58,52,43,42,38.97,34.77
2024-11-28 18:00,64,62,58,52,43,42,38.93,33.57
2024-11-28 19:00,64,62,58,52,43,42,38.9,33.35
2024-11-28 20:00,64,62,58,52,43,42,38.87,32.26
2024-11-28 21:00,64,62,58,52,43,42,38.84,31.85
2024-11-28 22:00,64,62,58,52,43,42,38.81,29.11
2024-11-28 23:00,64,62,58,52,43,42,38.79,28.77
2024-11-29 00:00,64,62,58,52,43,42,38.76,27.9
2024-11-29 01:00,64,62,58,52,43,42,38.73,27.11
2024-11-29 02:00,64,62,58,52,43,42,38.71,26.65
2024-11-29 03:00,64,62,58,52,43,42,38.68,25.2
2024-11-29 04:00,64,62,58,52,43,42,38.66,24.83
2024-11-29 05:00,64,62,58,52,43,42,38.63,24.68
2024-11-29 06:00,64,62,58,52,43,42,38.61,23.34
2024-11-29 07:00,64,62,58,52,43,42,38.58,23.4
2024-11-29 08:00,64,62,58,52,43,42,38.56,23.08
2024-11-29 09:00,64,62,58,52,43,42,38.54,26.78
2024-11-29 10:00,64,62,58,52,43,42,38.51,29.52
2024-11-29 11:00,64,62,58,52,43,42,38.49,33.16
2024-11-29 12:00,64,62,58,52,43,42,38.46,37.65
2024-11-29 13:00,64,62,58,52,43,42,38.43,41.66
2024-11-29 14:00,64,62,58,52,43,42,38.4,43.56
2024-11-29 15:00,64,62,58,52,43,42,38.37,46.29
2024-11-29 16:00,64,62,58,52,43,42,38.34,44.17
2024-11-29 17:00,64,62,58,52,43,42,38.31,35.06
2024-11-29 18:00,64,62,58,52,43,42,38.29,29.29
2024-11-29 19:00,64,62,58,52,43,42,38.26,30.75
2024-11-29 20:00,64,62,58,52,43,42,38.23,34.97
2024-11-29 21:00,64,62,58,52,43,42,38.21,32.87
2024-11-29 22:00,64,62,58,52,43,42,38.18,27.37
2024-11-29 23:00,64,62,58,52,43,42,38.16,28.39
2024-11-30 00:00,64,62,58,52,43,42,38.14,30.96
2024-11-30 01:00,64,62,58,52,43,42,38.11,30.31
2024-11-30 02:00,64,62,58,52,43,42,38.09,29.67
2024-11-30 03:00,64,62,58,52,43,42,38.07,29.09
2024-11-30 04:00,64,62,58,52,43,42,38.05,28.28
2024-11-30 05:00,64,62,58,52,43,42,38.02,27.34
2024-11-30 06:00,64,62,58,52,43,42,38.0,27.47
2024-11-30 07:00,64,62,58,52,43,42,37.98,26.72
2024-11-30 08:00,64,62,58,52,43,42,37.96,27.13
2024-11-30 09:00,64,62,58,52,43,42,37.94,30.51
2024-11-30 10:00,64,62,58,52,43,42,37.92,35.56
2024-11-30 11:00,64,62,58,52,43,42,37.9,38.29
2024-11-30 12:00,64,62,58,52,43,42,37.88,42.92
2024-11-30 13:00,64,62,58,52,43,42,37.85,46.56
2024-11-30 14:00,64,62,58,52,43,42,37.83,49.03
2024-11-30 15:00,64,62,58,52,43,42,37.81,50.67
2024-11-30 16:00,64,62,58,52,43,42,37.78,48.8
2024-11-30 17:00,64,62,58,52,43,42,37.76,39.26
2024-11-30 18:00,64,62,58,52,43,42,37.74,33.65
2024-11-30 19:00,64,62,58,52,43,42,37.71,33.46
2024-11-30 20:00,64,62,58,52,43,42,37.7,29.18
2024-11-30 21:00,64,62,58,52,43,42,37.68,29.53
2024-11-30 22:00,64,62,58,52,43,42,37.66,29.95
2024-11-30 23:00,64,62,58,52,43,42,37.64,32.14
2024-12-01 00:00,64,62,58,52,43,42,37.63,33.4
2024-12-01 01:00,64,62,58,52,43,42,37.61,34.24
2024-12-01 02:00,64,62,58,52,43,42,37.6,32.99
2024-12-01 03:00,64,62,58,52,43,42,37.59,33.86
2024-12-01 04:00,64,62,58,52,43,42,37.57,33.51
2024-12-01 05:00,64,62,58,52,43,42,37.56,30.92
2024-12-01 06:00,64,62,58,52,43,42,37.55,30.72
2024-12-01 07:00,64,62,58,52,43,42,37.53,29.11
2024-12-01 08:00,64,62,58,52,43,42,37.52,29.23
2024-12-01 09:00,64,62,58,52,43,42,37.51,32.78
2024-12-01 10:00,64,62,58,52,43,42,37.5,35.93
2024-12-01 11:00,64,62,58,52,43,42,37.48,42.69
2024-12-01 12:00,64,62,58,52,43,42,37.47,46.47
2024-12-01 13:00,64,62,58,52,43,42,37.46,51.8
2024-12-01 14:00,64,62,58,52,43,42,37.45,51.31
2024-12-01 15:00,64,62,58,52,43,42,37.43,47.29
2024-12-01 16:00,64,62,58,52,43,42,37.42,43.1
2024-12-01 17:00,64,62,58,52,43,42,37.41,37.05
2024-12-01 18:00,64,62,58,52,43,42,37.4,32.38
2024-12-01 19:00,64,62,58,52,43,42,37.39,28.64
2024-12-01 20:00,64,62,58,52,43,42,37.38,27.26
2024-12-01 21:00,64,62,58,52,43,42,37.37,25.34
2024-12-01 22:00,64,62,58,52,43,42,37.37,24.48
2024-12-01 23:00,64,62,58,52,43,42,37.36,23.79
2024-12-02 00:00,64,62,58,52,43,42,37.35,22.57
2024-12-02 01:00,64,62,58,52,43,42,37.35,22.76
2024-12-02 02:00,64,62,58,52,43,42,37.34,21.42
2024-12-02 03:00,64,62,58,52,43,42,37.33,20.95
2024-12-02 04:00,64,62,58,52,43,42,37.33,25.58
2024-12-02 05:00,64,62,58,52,43,42,37.32,21.74
2024-12-02 06:00,64,62,58,52,43,42,37.31,22.07
2024-12-02 07:00,64,62,58,52,43,42,37.31,21.84
2024-12-02 08:00,64,62,58,52,43,42,37.3,22.37
2024-12-02 09:00,64,62,58,52,43,42,37.29,30.41
2024-12-02 10:00,64,62,58,52,43,42,37.28,33.25
2024-12-02 11:00,64,62,58,52,43,42,37.27,39.31
2024-12-02 12:00,64,62,58,52,43,42,37.27,42.54
2024-12-02 13:00,64,62,58,52,43,42,37.26,43.94
2024-12-02 14:00,64,62,58,52,43,42,37.25,47.22
2024-12-02 15:00,64,62,58,52,43,42,37.24,44.93
2024-12-02 16:00,64,62,58,52,43,42,37.23,42.37
2024-12-02 17:00,64,62,58,52,43,42,37.22,35.82
2024-12-02 18:00,64,62,58,52,43,42,37.21,30.74
2024-12-02 19:00,64,62,58,52,43,42,37.2,27.93
2024-12-02 20:00,64,62,58,52,43,42,37.19,26.19
2024-12-02 21:00,64,62,58,52,43,42,37.19,25.24
2024-12-02 22:00,64,62,58,52,43,42,37.18,23.79
2024-12-02 23:00,64,62,58,52,43,42,37.17,22.29
2024-12-03 00:00,64,62,58,52,43,42,37.17,22.0
2024-12-03 01:00,64,62,58,52,43,42,37.16,21.47
2024-12-03 02:00,64,62,58,52,43,42,37.15,20.78
2024-12-03 03:00,64,62,58,52,43,42,37.14,20.49
2024-12-03 04:00,64,62,58,52,43,42,37.13,20.33
2024-12-03 05:00,64,62,58,52,43,42,37.12,19.83
2024-12-03 06:00,64,62,58,52,43,42,37.11,20.1
2024-12-03 07:00,64,62,58,52,43,42,37.1,18.87
2024-12-03 08:00,64,62,58,52,43,42,37.09,19.11
2024-12-03 09:00,64,62,58,52,43,42,37.08,26.3
2024-12-03 10:00,64,62,58,52,43,42,37.06,31.23
2024-12-03 11:00,64,62,58,52,43,42,37.05,33.51
2024-12-03 12:00,64,62,58,52,43,42,37.04,37.67
2024-12-03 13:00,64,62,58,52,43,42,37.03,41.2
2024-12-03 14:00,64,62,58,52,43,42,37.01,40.25
2024-12-03 15:00,64,62,58,52,43,42,36.99,37.21
2024-12-03 16:00,64,62,58,52,43,42,36.98,31.65
2024-12-03 17:00,64,62,58,52,43,42,36.97,24.67
2024-12-03 18:00,64,62,58,52,43,42,36.96,22.59
2024-12-03 19:00,64,62,58,52,43,42,36.95,23.41
2024-12-03 20:00,64,62,58,52,43,42,36.94,23.27
2024-12-03 21:00,64,62,58,52,43,42,36.93,23.28
2024-12-03 22:00,64,62,58,52,43,42,36.92,23.05
2024-12-03 23:00,64,62,58,52,43,42,36.92,22.58
2024-12-04 00:00,64,62,58,52,43,42,36.91,21.91
2024-12-04 01:00,64,62,58,52,43,42,36.9,21.68
2024-12-04 02:00,64,62,58,52,43,42,36.89,21.36
2024-12-04 03:00,64,62,58,52,43,42,36.88,21.33
2024-12-04 04:00,64,62,58,52,43,42,36.87,20.54
2024-12-04 05:00,64,62,58,52,43,42,36.86,19.84
2024-12-04 06:00,64,62,58,52,43,42,36.85,19.91
2024-12-04 07:00,64,62,58,52,43,42,36.84,18.17
2024-12-04 08:00,64,62,58,52,43,42,36.84,17.88
2024-12-04 09:00,64,62,58,52,43,42,36.83,22.43
2024-12-04 10:00,64,62,58,52,43,42,36.82,24.59
2024-12-04 11:00,64,62,58,52,43,42,36.81,27.71
2024-12-04 12:00,64,62,58,52,43,42,36.8,31.99
2024-12-04 13:00,64,62,58,52,43,42,36.79,35.89
2024-12-04 14:00,64,62,58,52,43,42,36.78,36.51
2024-12-04 15:00,64,62,58,52,43,42,36.77,35.83
2024-12-04 16:00,64,62,58,52,43,42,36.76,32.15
2024-12-04 17:00,64,62,58,52,43,42,36.75,26.62
2024-12-04 18:00,64,62,58,52,43,42,36.75,25.01
2024-12-04 19:00,64,62,58,52,43,42,36.75,24.13
2024-12-04 20:00,64,62,58,52,43,42,36.75,23.76
2024-12-04 21:00,64,62,58,52,43,42,36.74,23.59
2024-12-04 22:00,64,62,58,52,43,42,36.74,22.87
2024-12-04 23:00,64,62,58,52,43,42,36.74,22.76
2024-12-05 00:00,64,62,58,52,43,42,36.74,22.06
2024-12-05 01:00,64,62,58,52,43,42,36.74,21.56
2024-12-05 02:00,64,62,58,52,43,42,36.73,21.39
2024-12-05 03:00,64,62,58,52,43,42,36.73,20.78
2024-12-05 04:00,64,62,58,52,43,42,36.72,20.43
2024-12-05 05:00,64,62,58,52,43,42,36.72,19.59
2024-12-05 06:00,64,62,58,52,43,42,36.71,18.99
2024-12-05 07:00,64,62,58,52,43,42,36.7,19.25
2024-12-05 08:00,64,62,58,52,43,42,36.69,19.54
2024-12-05 09:00,64,62,58,52,43,42,36.68,22.31
2024-12-05 10:00,64,62,58,52,43,42,36.67,27.44
2024-12-05 11:00,64,62,58,52,43,42,36.67,32.55
2024-12-05 12:00,64,62,58,52,43,42,36.66,38.78
2024-12-05 13:00,64,62,58,52,43,42,36.65,40.15
2024-12-05 14:00,64,62,58,52,43,42,36.63,42.46
2024-12-05 15:00,64,62,58,52,43,42,36.62,40.94
2024-12-05 16:00,64,62,58,52,43,42,36.61,36.11
2024-12-05 17:00,64,62,58,52,43,42,36.61,31.27
2024-12-05 18:00,64,62,58,52,43,42,36.6,29.59
2024-12-05 19:00,64,62,58,52,43,42,36.59,28.48
2024-12-05 20:00,64,62,58,52,43,42,36.59,26.52
2024-12-05 21:00,64,62,58,52,43,42,36.59,25.94
2024-12-05 22:00,64,62,58,52,43,42,36.58,25.83
2024-12-05 23:00,64,62,58,52,43,42,36.58,24.84
2024-12-06 00:00,64,62,58,52,43,42,36.58,24.16
2024-12-06 01:00,64,62,58,52,43,42,36.57,23.34
2024-12-06 02:00,64,62,58,52,43,42,36.57,23.75
2024-12-06 03:00,64,62,58,52,43,42,36.56,27.07
2024-12-06 04:00,64,62,58,52,43,42,36.56,32.08
2024-12-06 05:00,64,62,58,52,43,42,36.55,30.8
2024-12-06 06:00,64,62,58,52,43,42,36.54,25.61
2024-12-06 07:00,64,62,58,52,43,42,36.54,27.88
2024-12-06 08:00,64,62,58,52,43,42,36.53,31.82
2024-12-06 09:00,64,62,58,52,43,42,36.52,36.1
2024-12-06 10:00,64,62,58,52,43,42,36.52,41.41
2024-12-06 11:00,64,62,58,52,43,42,36.51,46.3
2024-12-06 12:00,64,62,58,52,43,42,36.51,47.91
2024-12-06 13:00,64,62,58,52,43,42,36.5,51.3
2024-12-06 14:00,64,62,58,52,43,42,36.5,52.7
2024-12-06 15:00,64,62,58,52,43,42,36.49,47.98
2024-12-06 16:00,64,62,58,52,43,42,36.49,49.6
2024-12-06 17:00,64,62,58,52,43,42,36.49,47.99
2024-12-06 18:00,64,62,58,52,43,42,36.49,46.36
2024-12-06 19:00,64,62,58,52,43,42,36.49,45.86
2024-12-06 20:00,64,62,58,52,43,42,36.49,44.76
2024-12-06 21:00,64,62,58,52,43,42,36.49,45.77
2024-12-06 22:00,64,62,58,52,43,42,36.49,43.59
2024-12-06 23:00,64,62,58,52,43,42,36.5,44.06
2024-12-07 00:00,64,62,58,52,43,42,36.5,43.65
2024-12-07 01:00,64,62,58,52,43,42,36.51,45.25
2024-12-07 02:00,64,62,58,52,43,42,36.51,43.27
2024-12-07 03:00,64,62,58,52,43,42,36.52,42.17
2024-12-07 04:00,64,62,58,52,43,42,36.53,41.24
2024-12-07 05:00,64,62,58,52,43,42,36.53,41.24
2024-12-07 06:00,64,62,58,52,43,42,36.54,42.57
2024-12-07 07:00,64,62,58,52,43,42,36.55,40.6
2024-12-07 08:00,64,62,58,52,43,42,36.56,41.06
2024-12-07 09:00,64,62,58,52,43,42,36.57,41.65
2024-12-07 10:00,64,62,58,52,43,42,36.59,43.3
2024-12-07 11:00,64,62,58,52,43,42,36.6,45.95
2024-12-07 12:00,64,62,58,52,43,42,36.61,49.79
2024-12-07 13:00,64,62,58,52,43,42,36.62,52.01
2024-12-07 14:00,64,62,58,52,43,42,36.63,50.95
2024-12-07 15:00,64,62,58,52,43,42,36.65,47.46
2024-12-07 16:00,64,62,58,52,43,42,36.66,44.93
2024-12-07 17:00,64,62,58,52,43,42,36.67,44.09
2024-12-07 18:00,64,62,58,52,43,42,36.69,43.77
2024-12-07 19:00,64,62,58,52,43,42,36.7,42.97
2024-12-07 20:00,64,62,58,52,43,42,36.71,39.43
2024-12-07 21:00,64,62,58,52,43,42,36.73,36.93
2024-12-07 22:00,64,62,58,52,43,42,36.74,32.98
2024-12-07 23:00,64,62,58,52,43,42,36.76,30.32
2024-12-08 00:00,64,62,58,52,43,42,36.78,33.3
2024-12-08 01:00,64,62,58,52,43,42,36.79,30.69
2024-12-08 02:00,64,62,58,52,43,42,36.81,27.69
2024-12-08 03:00,64,62,58,52,43,42,36.82,25.71
2024-12-08 04:00,64,62,58,52,43,42,36.84,33.45
2024-12-08 05:00,64,62,58,52,43,42,36.85,32.81
2024-12-08 06:00,64,62,58,52,43,42,36.87,32.35
2024-12-08 07:00,64,62,58,52,43,42,36.88,32.61
2024-12-08 08:00,64,62,58,52,43,42,36.89,32.7
2024-12-08 09:00,64,62,58,52,43,42,36.91,35.48
2024-12-08 10:00,64,62,58,52,43,42,36.92,37.42
2024-12-08 11:00,64,62,58,52,43,42,36.93,39.19
2024-12-08 12:00,64,62,58,52,43,42,36.93,39.76
2024-12-08 13:00,64,62,58,52,43,42,36.94,41.18
2024-12-08 14:00,64,62,58,52,43,42,36.94,40.33
2024-12-08 15:00,64,62,58,52,43,42,36.95,40.74
2024-12-08 16:00,64,62,58,52,43,42,36.95,38.99
2024-12-08 17:00,64,62,58,52,43,42,36.95,33.46
2024-12-08 18:00,64,62,58,52,43,42,36.95,32.17
2024-12-08 19:00,64,62,58,52,43,42,36.95,30.81
2024-12-08 20:00,64,62,58,52,43,42,36.95,27.66
2024-12-08 21:00,64,62,58,52,43,42,36.95,25.7
2024-12-08 22:00,64,62,58,52,43,42,36.95,24.54
2024-12-08 23:00,64,62,58,52,43,42,36.95,24.31
2024-12-09 00:00,64,62,58,52,43,42,36.95,27.47
2024-12-09 01:00,64,62,58,52,43,42,36.95,27.42
2024-12-09 02:00,64,62,58,52,43,42,36.95,26.19
2024-12-09 03:00,64,62,58,52,43,42,36.95,26.31
2024-12-09 04:00,64,62,58,52,43,42,36.95,24.91
2024-12-09 05:00,64,62,58,52,43,42,36.95,25.0
2024-12-09 06:00,64,62,58,52,43,42,36.95,24.36
2024-12-09 07:00,64,62,58,52,43,42,36.94,23.54
2024-12-09 08:00,64,62,58,52,43,42,36.94,22.35
2024-12-09 09:00,64,62,58,52,43,42,36.93,25.9
2024-12-09 10:00,64,62,58,52,43,42,36.92,31.15
2024-12-09 11:00,64,62,58,52,43,42,36.92,35.31
2024-12-09 12:00,64,62,58,52,43,42,36.91,37.94
2024-12-09 13:00,64,62,58,52,43,42,36.89,39.57
2024-12-09 14:00,64,62,58,52,43,42,36.88,40.5
2024-12-09 15:00,64,62,58,52,43,42,36.87,41.76
2024-12-09 16:00,64,62,58,52,43,42,36.85,40.41
2024-12-09 17:00,64,62,58,52,43,42,36.83,33.71
2024-12-09 18:00,64,62,58,52,43,42,36.82,27.55
2024-12-09 19:00,64,62,58,52,43,42,36.81,26.57
2024-12-09 20:00,64,62,58,52,43,42,36.79,23.96
2024-12-09 21:00,64,62,58,52,43,42,36.78,23.57
2024-12-09 22:00,64,62,58,52,43,42,36.77,26.63
2024-12-09 23:00,64,62,58,52,43,42,36.75,23.75
2024-12-10 00:00,64,62,58,52,43,42,36.74,25.26
2024-12-10 01:00,64,62,58,52,43,42,36.73,21.94
2024-12-10 02:00,64,62,58,52,43,42,36.71,27.38
2024-12-10 03:00,64,62,58,52,43,42,36.7,27.79
2024-12-10 04:00,64,62,58,52,43,42,36.69,27.03
2024-12-10 05:00,64,62,58,52,43,42,36.67,26.67
2024-12-10 06:00,64,62,58,52,43,42,36.66,25.5
2024-12-10 07:00,64,62,58,52,43,42,36.65,22.94
2024-12-10 08:00,64,62,58,52,43,42,36.63,22.51
2024-12-10 09:00,64,62,58,52,43,42,36.61,30.65
2024-12-10 10:00,64,62,58,52,43,42,36.6,35.0
2024-12-10 11:00,64,62,58,52,43,42,36.58,39.59
2024-12-10 12:00,64,62,58,52,43,42,36.57,42.95
2024-12-10 13:00,64,62,58,52,43,42,36.55,45.16
2024-12-10 14:00,64,62,58,52,43,42,36.53,45.69
2024-12-10 15:00,64,62,58,52,43,42,36.51,47.43
2024-12-10 16:00,64,62,58,52,43,42,36.49,45.9
2024-12-10 17:00,64,62,58,52,43,42,36.47,36.88
2024-12-10 18:00,64,62,58,52,43,42,36.45,30.87
2024-12-10 19:00,64,62,58,52,43,42,36.43,29.93
2024-12-10 20:00,64,62,58,52,43,42,36.41,38.26
2024-12-10 21:00,64,62,58,52,43,42,36.4,36.17
2024-12-10 22:00,64,62,58,52,43,42,36.38,34.22
2024-12-10 23:00,64,62,58,52,43,42,36.37,35.12
2024-12-11 00:00,64,62,58,52,43,42,36.36,32.21
2024-12-11 01:00,64,62,58,52,43,42,36.34,33.49
2024-12-11 02:00,64,62,58,52,43,42,36.33,34.01
2024-12-11 03:00,64,62,58,52,43,42,36.31,33.4
2024-12-11 04:00,64,62,58,52,43,42,36.3,36.98
2024-12-11 05:00,64,62,58,52,43,42,36.29,35.03
2024-12-11 06:00,64,62,58,52,43,42,36.27,33.6
2024-12-11 07:00,64,62,58,52,43,42,36.26,34.33
2024-12-11 08:00,64,62,58,52,43,42,36.25,35.29
2024-12-11 09:00,64,62,58,52,43,42,36.23,36.92
2024-12-11 10:00,64,62,58,52,43,42,36.22,38.15
2024-12-11 11:00,64,62,58,52,43,42,36.21,40.41
2024-12-11 12:00,64,62,58,52,43,42,36.2,39.11
2024-12-11 13:00,64,62,58,52,43,42,36.18,40.45
2024-12-11 14:00,64,62,58,52,43,42,36.17,41.55
2024-12-11 15:00,64,62,58,52,43,42,36.16,43.38
2024-12-11 16:00,64,62,58,52,43,42,36.15,41.71
2024-12-11 17:00,64,62,58,52,43,42,36.14,39.76
2024-12-11 18:00,64,62,58,52,43,42,36.13,39.16
2024-12-11 19:00,64,62,58,52,43,42,36.12,40.88
2024-12-11 20:00,64,62,58,52,43,42,36.12,39.81
2024-12-11 21:00,64,62,58,52,43,42,36.11,37.25
2024-12-11 22:00,64,62,58,52,43,42,36.1,36.61
2024-12-11 23:00,64,62,58,52,43,42,36.09,35.27
2024-12-12 00:00,64,62,58,52,43,42,36.09,33.29
2024-12-12 01:00,64,62,58,52,43,42,36.08,33.39
2024-12-12 02:00,64,62,58,52,43,42,36.07,31.27
2024-12-12 03:00,64,62,58,52,43,42,36.07,30.78
2024-12-12 04:00,64,62,58,52,43,42,36.06,29.85
2024-12-12 05:00,64,62,58,52,43,42,36.06,29.64
2024-12-12 06:00,64,62,58,52,43,42,36.05,27.26
2024-12-12 07:00,64,62,58,52,43,42,36.05,26.38
2024-12-12 08:00,64,62,58,52,43,42,36.05,25.83
2024-12-12 09:00,64,62,58,52,43,42,36.05,26.33
2024-12-12 10:00,64,62,58,52,43,42,36.05,27.44
2024-12-12 11:00,64,62,58,52,43,42,36.05,27.78
2024-12-12 12:00,64,62,58,52,43,42,36.05,28.65
2024-12-12 13:00,64,62,58,52,43,42,36.05,28.71
2024-12-12 14:00,64,62,58,52,43,42,36.05,29.99
2024-12-12 15:00,64,62,58,52,43,42,36.05,30.46
2024-12-12 16:00,64,62,58,52,43,42,36.05,30.87
2024-12-12 17:00,64,62,58,52,43,42,36.05,29.38
2024-12-12 18:00,64,62,58,52,43,42,36.06,29.0
2024-12-12 19:00,64,62,58,52,43,42,36.06,28.54
2024-12-12 20:00,64,62,58,52,43,42,36.06,28.77
2024-12-12 21:00,64,62,58,52,43,42,36.07,29.06
2024-12-12 22:00,64,62,58,52,43,42,36.07,28.89
2024-12-12 23:00,64,62,58,52,43,42,36.07,29.51
2024-12-13 00:00,64,62,58,52,43,42,36.07,34.55
2024-12-13 01:00,64,62,58,52,43,42,36.07,35.53
2024-12-13 02:00,64,62,58,52,43,42,36.08,34.16
2024-12-13 03:00,64,62,58,52,43,42,36.08,33.89
2024-12-13 04:00,64,62,58,52,43,42,36.08,33.23
2024-12-13 05:00,64,62,58,52,43,42,36.08,33.34
2024-12-13 06:00,64,62,58,52,43,42,36.08,33.25
2024-12-13 07:00,64,62,58,52,43,42,36.08,33.46
2024-12-13 08:00,64,62,58,52,43,42,36.08,34.1
2024-12-13 09:00,64,62,58,52,43,42,36.08,33.6
2024-12-13 10:00,64,62,58,52,43,42,36.09,34.19
2024-12-13 11:00,64,62,58,52,43,42,36.09,34.83
2024-12-13 12:00,64,62,58,52,43,42,36.09,35.23
2024-12-13 13:00,64,62,58,52,43,42,36.09,35.47
2024-12-13 14:00,64,62,58,52,43,42,36.1,35.09
2024-12-13 15:00,64,62,58,52,43,42,36.1,34.97
2024-12-13 16:00,64,62,58,52,43,42,36.1,35.35
2024-12-13 17:00,64,62,58,52,43,42,36.1,36.34
2024-12-13 18:00,64,62,58,52,43,42,36.11,37.39
2024-12-13 19:00,64,62,58,52,43,42,36.11,37.39
2024-12-13 20:00,64,62,58,52,43,42,36.12,37.68
2024-12-13 21:00,64,62,58,52,43,42,36.12,38.23
2024-12-13 22:00,64,62,58,52,43,42,36.12,38.46
2024-12-13 23:00,64,62,58,52,43,42,36.13,38.19
2024-12-14 00:00,64,62,58,52,43,42,36.13,37.75
2024-12-14 01:00,64,62,58,52,43,42,36.14,37.43
2024-12-14 02:00,64,62,58,52,43,42,36.14,37.87
2024-12-14 03:00,64,62,58,52,43,42,36.15,37.61
2024-12-14 04:00,64,62,58,52,43,42,36.15,37.35
2024-12-14 05:00,64,62,58,52,43,42,36.16,37.32
2024-12-14 06:00,64,62,58,52,43,42,36.17,36.85
2024-12-14 07:00,64,62,58,52,43,42,36.17,36.8
2024-12-14 08:00,64,62,58,52,43,42,36.18,35.73
2024-12-14 09:00,64,62,58,52,43,42,36.19,36.66
2024-12-14 10:00,64,62,58,52,43,42,36.19,39.72
2024-12-14 11:00,64,62,58,52,43,42,36.2,39.93
2024-12-14 12:00,64,62,58,52,43,42,36.21,39.81
2024-12-14 13:00,64,62,58,52,43,42,36.21,39.92
2024-12-14 14:00,64,62,58,52,43,42,36.22,39.43
2024-12-14 15:00,64,62,58,52,43,42,36.22,39.05
2024-12-14 16:00,64,62,58,52,43,42,36.23,37.86
2024-12-14 17:00,64,62,58,52,43,42,36.23,35.76
2024-12-14 18:00,64,62,58,52,43,42,36.24,34.34
2024-12-14 19:00,64,62,58,52,43,42,36.24,33.53
2024-12-14 20:00,64,62,58,52,43,42,36.25,33.57
2024-12-14 21:00,64,62,58,52,43,42,36.26,31.45
2024-12-14 22:00,64,62,58,52,43,42,36.27,32.06
2024-12-14 23:00,64,62,58,52,43,42,36.28,31.19
2024-12-15 00:00,64,62,58,52,43,42,36.28,31.04
2024-12-15 01:00,64,62,58,52,43,42,36.29,31.11
2024-12-15 02:00,64,62,58,52,43,42,36.3,29.83
2024-12-15 03:00,64,62,58,52,43,42,36.31,31.09
2024-12-15 04:00,64,62,58,52,43,42,36.32,32.43
2024-12-15 05:00,64,62,58,52,43,42,36.33,32.46
2024-12-15 06:00,64,62,58,52,43,42,36.33,32.27
2024-12-15 07:00,64,62,58,52,43,42,36.34,32.73
2024-12-15 08:00,64,62,58,52,43,42,36.34,32.67
2024-12-15 09:00,64,62,58,52,43,42,36.35,34.24
2024-12-15 10:00,64,62,58,52,43,42,36.35,35.38
2024-12-15 11:00,64,62,58,52,43,42,36.36,37.85
2024-12-15 12:00,64,62,58,52,43,42,36.36,37.87
2024-12-15 13:00,64,62,58,52,43,42,36.36,38.7
2024-12-15 14:00,64,62,58,52,43,42,36.36,38.73
2024-12-15 15:00,64,62,58,52,43,42,36.36,38.29
2024-12-15 16:00,64,62,58,52,43,42,36.36,37.39
2024-12-15 17:00,64,62,58,52,43,42,36.36,35.94
2024-12-15 18:00,64,62,58,52,43,42,36.36,36.29
2024-12-15 19:00,64,62,58,52,43,42,36.36,35.57
2024-12-15 20:00,64,62,58,52,43,42,36.36,35.34
2024-12-15 21:00,64,62,58,52,43,42,36.36,33.39
2024-12-15 22:00,64,62,58,52,43,42,36.36,32.64
2024-12-15 23:00,64,62,58,52,43,42,36.36,32.38
2024-12-16 00:00,64,62,58,52,43,42,36.36,32.44
2024-12-16 01:00,64,62,58,52,43,42,36.37,32.61
2024-12-16 02:00,64,62,58,52,43,42,36.37,32.26
2024-12-16 03:00,64,62,58,52,43,42,36.38,32.38
2024-12-16 04:00,64,62,58,52,43,42,36.39,33.57
2024-12-16 05:00,64,62,58,52,43,42,36.39,34.3
2024-12-16 06:00,64,62,58,52,43,42,36.4,34.27
2024-12-16 07:00,64,62,58,52,43,42,36.41,34.42
2024-12-16 08:00,64,62,58,52,43,42,36.41,34.24
2024-12-16 09:00,64,62,58,52,43,42,36.42,34.97
2024-12-16 10:00,64,62,58,52,43,42,36.43,35.76
2024-12-16 11:00,64,62,58,52,43,42,36.43,37.21
2024-12-16 12:00,64,62,58,52,43,42,36.44,37.96
2024-12-16 13:00,64,62,58,52,43,42,36.44,38.59
2024-12-16 14:00,64,62,58,52,43,42,36.45,38.64
2024-12-16 15:00,64,62,58,52,43,42,36.45,38.38
2024-12-16 16:00,64,62,58,52,43,42,36.46,37.3
2024-12-16 17:00,64,62,58,52,43,42,36.46,36.11
2024-12-16 18:00,64,62,58,52,43,42,36.46,35.82
2024-12-16 19:00,64,62,58,52,43,42,36.47,33.52
2024-12-16 20:00,64,62,58,52,43,42,36.48,34.29
2024-12-16 21:00,64,62,58,52,43,42,36.48,34.93
2024-12-16 22:00,64,62,58,52,43,42,36.49,34.99
2024-12-16 23:00,64,62,58,52,43,42,36.49,35.57
2024-12-17 00:00,64,62,58,52,43,42,36.5,35.46
2024-12-17 01:00,64,62,58,52,43,42,36.51,36.95
2024-12-17 02:00,64,62,58,52,43,42,36.51,38.54
2024-12-17 03:00,64,62,58,52,43,42,36.52,39.06
2024-12-17 04:00,64,62,58,52,43,42,36.53,37.92
2024-12-17 05:00,64,62,58,52,43,42,36.53,37.95
2024-12-17 06:00,64,62,58,52,43,42,36.54,36.96
2024-12-17 07:00,64,62,58,52,43,42,36.55,36.41
2024-12-17 08:00,64,62,58,52,43,42,36.56,38.13
2024-12-17 09:00,64,62,58,52,43,42,36.57,39.99
2024-12-17 10:00,64,62,58,52,43,42,36.57,40.1
2024-12-17 11:00,64,62,58,52,43,42,36.58,40.04
2024-12-17 12:00,64,62,58,52,43,42,36.59,42.11
2024-12-17 13:00,64,62,58,52,43,42,36.59,43.17
2024-12-17 14:00,64,62,58,52,43,42,36.6,43.48
2024-12-17 15:00,64,62,58,52,43,42,36.6,44.84
2024-12-17 16:00,64,62,58,52,43,42,36.61,44.64
2024-12-17 17:00,64,62,58,52,43,42,36.61,44.52
2024-12-17 18:00,64,62,58,52,43,42,36.62,43.39
2024-12-17 19:00,64,62,58,52,43,42,36.63,43.42
2024-12-17 20:00,64,62,58,52,43,42,36.63,42.28
2024-12-17 21:00,64,62,58,52,43,42,36.64,41.47
2024-12-17 22:00,64,62,58,52,43,42,36.65,40.65
2024-12-17 23:00,64,62,58,52,43,42,36.66,40.72
2024-12-18 00:00,64,62,58,52,43,42,36.67,40.2
2024-12-18 01:00,64,62,58,52,43,42,36.68,41.52
2024-12-18 02:00,64,62,58,52,43,42,36.69,42.19
2024-12-18 03:00,64,62,58,52,43,42,36.7,42.91
2024-12-18 04:00,64,62,58,52,43,42,36.71,40.73
2024-12-18 05:00,64,62,58,52,43,42,36.72,39.95
2024-12-18 06:00,64,62,58,52,43,42,36.74,40.97
2024-12-18 07:00,64,62,58,52,43,42,36.75,40.45
2024-12-18 08:00,64,62,58,52,43,42,36.76,42.14
2024-12-18 09:00,64,62,58,52,43,42,36.78,44.55
2024-12-18 10:00,64,62,58,52,43,42,36.79,48.05
2024-12-18 11:00,64,62,58,52,43,42,36.8,48.95
2024-12-18 12:00,64,62,58,52,43,42,36.81,50.07
2024-12-18 13:00,64,62,58,52,43,42,36.82,51.16
2024-12-18 14:00,64,62,58,52,43,42,36.83,51.8
2024-12-18 15:00,64,62,58,52,43,42,36.83,52.0
2024-12-18 16:00,64,62,58,52,43,42,36.84,49.82
2024-12-18 17:00,64,62,58,52,43,42,36.85,46.68
2024-12-18 18:00,64,62,58,52,43,42,36.85,39.06
2024-12-18 19:00,64,62,58,52,43,42,36.86,40.42
2024-12-18 20:00,64,62,58,52,43,42,36.87,41.9
2024-12-18 21:00,64,62,58,52,43,42,36.89,39.96
2024-12-18 22:00,64,62,58,52,43,42,36.9,40.66
2024-12-18 23:00,64,62,58,52,43,42,36.91,40.0
2024-12-19 00:00,64,62,58,52,43,42,36.93,37.6
2024-12-19 01:00,64,62,58,52,43,42,36.94,33.99
2024-12-19 02:00,64,62,58,52,43,42,36.96,31.28
2024-12-19 03:00,64,62,58,52,43,42,36.97,33.74
2024-12-19 04:00,64,62,58,52,43,42,36.99,33.84
2024-12-19 05:00,64,62,58,52,43,42,37.01,36.66
2024-12-19 06:00,64,62,58,52,43,42,37.02,35.99
2024-12-19 07:00,64,62,58,52,43,42,37.04,37.33
2024-12-19 08:00,64,62,58,52,43,42,37.05,35.58
2024-12-19 09:00,64,62,58,52,43,42,37.06,39.83
2024-12-19 10:00,64,62,58,52,43,42,37.07,42.79
2024-12-19 11:00,64,62,58,52,43,42,37.08,47.14
2024-12-19 12:00,64,62,58,52,43,42,37.09,51.63
2024-12-19 13:00,64,62,58,52,43,42,37.09,52.96
2024-12-19 14:00,64,62,58,52,43,42,37.1,54.65
2024-12-19 15:00,64,62,58,52,43,42,37.1,52.16
2024-12-19 16:00,64,62,58,52,43,42,37.1,51.08
2024-12-19 17:00,64,62,58,52,43,42,37.11,48.96
2024-12-19 18:00,64,62,58,52,43,42,37.11,48.01
2024-12-19 19:00,64,62,58,52,43,42,37.11,46.36
2024-12-19 20:00,64,62,58,52,43,42,37.12,45.43
2024-12-19 21:00,64,62,58,52,43,42,37.13,42.5
2024-12-19 22:00,64,62,58,52,43,42,37.13,38.56
2024-12-19 23:00,64,62,58,52,43,42,37.14,41.26
2024-12-20 00:00,64,62,58,52,43,42,37.15,36.64
2024-12-20 01:00,64,62,58,52,43,42,37.16,35.32
2024-12-20 02:00,64,62,58,52,43,42,37.18,37.83
2024-12-20 03:00,64,62,58,52,43,42,37.19,36.64
2024-12-20 04:00,64,62,58,52,43,42,37.21,43.1
2024-12-20 05:00,64,62,58,52,43,42,37.22,40.27
2024-12-20 06:00,64,62,58,52,43,42,37.24,41.67
2024-12-20 07:00,64,62,58,52,43,42,37.26,43.01
2024-12-20 08:00,64,62,58,52,43,42,37.27,41.73
2024-12-20 09:00,64,62,58,52,43,42,37.29,44.75
2024-12-20 10:00,64,62,58,52,43,42,37.31,45.49
2024-12-20 11:00,64,62,58,52,43,42,37.32,45.75
2024-12-20 12:00,64,62,58,52,43,42,37.34,46.18
2024-12-20 13:00,64,62,58,52,43,42,37.35,48.8
2024-12-20 14:00,64,62,58,52,43,42,37.37,48.64
2024-12-20 15:00,64,62,58,52,43,42,37.38,49.06
2024-12-20 16:00,64,62,58,52,43,42,37.39,49.59
2024-12-20 17:00,64,62,58,52,43,42,37.4,48.54
2024-12-20 18:00,64,62,58,52,43,42,37.41,46.1
2024-12-20 19:00,64,62,58,52,43,42,37.42,46.24
2024-12-20 20:00,64,62,58,52,43,42,37.43,46.11
2024-12-20 21:00,64,62,58,52,43,42,37.44,47.51
2024-12-20 22:00,64,62,58,52,43,42,37.44,44.78
2024-12-20 23:00,64,62,58,52,43,42,37.45,41.82
2024-12-21 00:00,64,62,58,52,43,42,37.46,41.47
2024-12-21 01:00,64,62,58,52,43,42,37.47,39.81
2024-12-21 03:00,64,62,58,52,43,42,37.49,39.98
2024-12-21 04:00,64,62,58,52,43,42,37.5,39.66
2024-12-21 05:00,64,62,58,52,43,42,37.5,36.5
2024-12-21 06:00,64,62,58,52,43,42,37.51,35.93
2024-12-21 07:00,64,62,58,52,43,42,37.52,38.93
2024-12-21 08:00,64,62,58,52,43,42,37.53,48.36
2024-12-21 09:00,64,62,58,52,43,42,37.54,44.51
2024-12-21 10:00,64,62,58,52,43,42,37.55,43.1
2024-12-21 11:00,64,62,58,52,43,42,37.56,43.39
2024-12-21 12:00,64,62,58,52,43,42,37.57,40.36
2024-12-21 13:00,64,62,58,52,43,42,37.57,43.85
2024-12-21 14:00,64,62,58,52,43,42,37.58,47.14
2024-12-21 15:00,64,62,58,52,43,42,37.59,44.84
2024-12-21 16:00,64,62,58,52,43,42,37.6,40.3
2024-12-21 17:00,64,62,58,52,43,42,37.6,39.69
2024-12-21 18:00,64,62,58,52,43,42,37.61,38.44
2024-12-21 19:00,64,62,58,52,43,42,37.62,39.99
2024-12-21 20:00,64,62,58,52,43,42,37.63,39.88
2024-12-21 21:00,64,62,58,52,43,42,37.63,38.92
2024-12-21 22:00,64,62,58,52,43,42,37.64,37.65
2024-12-21 23:00,64,62,58,52,43,42,37.65,35.73
2024-12-22 00:00,64,62,58,52,43,42,37.66,36.61
2024-12-22 01:00,64,62,58,52,43,42,37.67,36.23
2024-12-22 02:00,64,62,58,52,43,42,37.67,37.05
2024-12-22 03:00,64,62,58,52,43,42,37.68,38.47
2024-12-22 04:00,64,62,58,52,43,42,37.69,38.38
2024-12-22 05:00,64,62,58,52,43,42,37.69,38.67
2024-12-22 06:00,64,62,58,52,43,42,37.7,38.29
2024-12-22 07:00,64,62,58,52,43,42,37.71,37.97
2024-12-22 08:00,64,62,58,52,43,42,37.71,39.28
2024-12-22 09:00,64,62,58,52,43,42,37.72,37.83
2024-12-22 10:00,64,62,58,52,43,42,37.72,40.45
2024-12-22 11:00,64,62,58,52,43,42,37.73,39.23
2024-12-22 12:00,64,62,58,52,43,42,37.73,40.86
2024-12-22 13:00,64,62,58,52,43,42,37.73,42.89
2024-12-22 14:00,64,62,58,52,43,42,37.73,42.46
2024-12-22 15:00,64,62,58,52,43,42,37.73,42.98
2024-12-22 16:00,64,62,58,52,43,42,37.73,41.7
2024-12-22 17:00,64,62,58,52,43,42,37.73,40.42
2024-12-22 18:00,64,62,58,52,43,42,37.73,39.78
2024-12-22 19:00,64,62,58,52,43,42,37.73,39.93
2024-12-22 20:00,64,62,58,52,43,42,37.73,39.8
2024-12-22 21:00,64,62,58,52,43,42,37.73,40.8
2024-12-22 22:00,64,62,58,52,43,42,37.73,41.32
2024-12-22 23:00,64,62,58,52,43,42,37.73,41.35
2024-12-23 00:00,64,62,58,52,43,42,37.74,40.79
2024-12-23 01:00,64,62,58,52,43,42,37.74,40.09
2024-12-23 02:00,64,62,58,52,43,42,37.74,38.11
2024-12-23 03:00,64,62,58,52,43,42,37.75,38.06
2024-12-23 04:00,64,62,58,52,43,42,37.75,37.42
2024-12-23 05:00,64,62,58,52,43,42,37.76,36.37
2024-12-23 06:00,64,62,58,52,43,42,37.77,35.27
2024-12-23 07:00,64,62,58,52,43,42,37.77,34.41
2024-12-23 08:00,64,62,58,52,43,42,37.78,34.88
2024-12-23 09:00,64,62,58,52,43,42,37.79,35.12
2024-12-23 10:00,64,62,58,52,43,42,37.8,37.45
2024-12-23 11:00,64,62,58,52,43,42,37.8,41.58
2024-12-23 12:00,64,62,58,52,43,42,37.81,43.25
2024-12-23 13:00,64,62,58,52,43,42,37.81,43.71
2024-12-23 14:00,64,62,58,52,43,42,37.82,44.38
2024-12-23 15:00,64,62,58,52,43,42,37.82,45.31
2024-12-23 16:00,64,62,58,52,43,42,37.82,44.99
2024-12-23 17:00,64,62,58,52,43,42,37.82,44.09
2024-12-23 18:00,64,62,58,52,43,42,37.83,43.88
2024-12-23 19:00,64,62,58,52,43,42,37.83,43.91
2024-12-23 20:00,64,62,58,52,43,42,37.83,42.86
2024-12-23 21:00,64,62,58,52,43,42,37.83,46.5
2024-12-23 22:00,64,62,58,52,43,42,37.84,47.64
2024-12-23 23:00,64,62,58,52,43,42,37.84,47.11
2024-12-24 00:00,64,62,58,52,43,42,37.84,44.17
2024-12-24 01:00,64,62,58,52,43,42,37.85,43.3
2024-12-24 02:00,64,62,58,52,43,42,37.85,42.92
2024-12-24 03:00,64,62,58,52,43,42,37.85,44.03
2024-12-24 04:00,64,62,58,52,43,42,37.86,43.39
2024-12-24 05:00,64,62,58,52,43,42,37.87,42.63
2024-12-24 06:00,64,62,58,52,43,42,37.87,41.7
2024-12-24 07:00,64,62,58,52,43,42,37.88,40.65
2024-12-24 08:00,64,62,58,52,43,42,37.89,40.36
2024-12-24 09:00,64,62,58,52,43,42,37.89,39.55
2024-12-24 10:00,64,62,58,52,43,42,37.9,38.82
2024-12-24 11:00,64,62,58,52,43,42,37.91,39.32
2024-12-24 12:00,64,62,58,52,43,42,37.92,37.54
2024-12-24 13:00,64,62,58,52,43,42,37.93,37.39
2024-12-24 14:00,64,62,58,52,43,42,37.94,37.86
2024-12-24 15:00,64,62,58,52,43,42,37.95,38.62
2024-12-24 16:00,64,62,58,52,43,42,37.96,37.8
2024-12-24 17:00,64,62,58,52,43,42,37.97,36.18
2024-12-24 18:00,64,62,58,52,43,42,37.97,34.85
2024-12-24 19:00,64,62,58,52,43,42,37.98,33.9
2024-12-24 20:00,64,62,58,52,43,42,37.99,32.53
2024-12-24 21:00,64,62,58,52,43,42,38.0,33.48
2024-12-24 22:00,64,62,58,52,43,42,38.01,33.11
2024-12-24 23:00,64,62,58,52,43,42,38.02,32.58
2024-12-25 00:00,64,62,58,52,43,42,38.03,32.7
2024-12-25 01:00,64,62,58,52,43,42,38.04,31.62
2024-12-25 02:00,64,62,58,52,43,42,38.04,31.16
2024-12-25 03:00,64,62,58,52,43,42,38.05,31.01
2024-12-25 04:00,64,62,58,52,43,42,38.05,31.68
2024-12-25 05:00,64,62,58,52,43,42,38.06,30.96
2024-12-25 06:00,64,62,58,52,43,42,38.06,30.99
2024-12-25 07:00,64,62,58,52,43,42,38.06,31.53
2024-12-25 08:00,64,62,58,52,43,42,38.06,31.29
2024-12-25 09:00,64,62,58,52,43,42,38.06,31.38
2024-12-25 10:00,64,62,58,52,43,42,38.06,31.52
2024-12-25 11:00,64,62,58,52,43,42,38.06,31.6
2024-12-25 12:00,64,62,58,52,43,42,38.05,32.67
2024-12-25 13:00,64,62,58,52,43,42,38.05,34.83
2024-12-25 14:00,64,62,58,52,43,42,38.04,37.21
2024-12-25 15:00,64,62,58,52,43,42,38.03,36.72
2024-12-25 16:00,64,62,58,52,43,42,38.02,34.79
2024-12-25 17:00,64,62,58,52,43,42,38.01,34.36
2024-12-25 18:00,64,62,58,52,43,42,38.0,34.59
2024-12-25 19:00,64,62,58,52,43,42,37.98,34.36
2024-12-25 20:00,64,62,58,52,43,42,37.97,34.68
2024-12-25 21:00,64,62,58,52,43,42,37.96,35.96
2024-12-25 22:00,64,62,58,52,43,42,37.95,36.43
2024-12-25 23:00,64,62,58,52,43,42,37.94,36.34
2024-12-26 00:00,64,62,58,52,43,42,37.92,37.62
2024-12-26 01:00,64,62,58,52,43,42,37.91,35.32
2024-12-26 02:00,64,62,58,52,43,42,37.9,35.99
2024-12-26 03:00,64,62,58,52,43,42,37.89,35.7
2024-12-26 04:00,64,62,58,52,43,42,37.88,35.03
2024-12-26 05:00,64,62,58,52,43,42,37.87,35.47
2024-12-26 06:00,64,62,58,52,43,42,37.86,36.02
2024-12-26 07:00,64,62,58,52,43,42,37.84,35.87
2024-12-26 08:00,64,62,58,52,43,42,37.83,36.28
2024-12-26 09:00,64,62,58,52,43,42,37.82,35.73
2024-12-26 10:00,64,62,58,52,43,42,37.81,38.55
2024-12-26 11:00,64,62,58,52,43,42,37.79,38.64
2024-12-26 12:00,64,62,58,52,43,42,37.78,36.56
2024-12-26 13:00,64,62,58,52,43,42,37.76,38.47
2024-12-26 14:00,64,62,58,52,43,42,37.75,41.61
2024-12-26 15:00,64,62,58,52,43,42,37.73,40.91
2024-12-26 16:00,64,62,58,52,43,42,37.71,40.71
2024-12-26 17:00,64,62,58,52,43,42,37.69,39.52
2024-12-26 18:00,64,62,58,52,43,42,37.68,38.12
2024-12-26 19:00,64,62,58,52,43,42,37.66,36.43
2024-12-26 20:00,64,62,58,52,43,42,37.64,36.49
2024-12-26 21:00,64,62,58,52,43,42,37.63,36.2
2024-12-26 22:00,64,62,58,52,43,42,37.61,35.27
2024-12-26 23:00,64,62,58,52,43,42,37.6,35.42
2024-12-27 00:00,64,62,58,52,43,42,37.58,35.45
2024-12-27 01:00,64,62,58,52,43,42,37.57,35.69
2024-12-27 02:00,64,62,58,52,43,42,37.56,35.4
2024-12-27 03:00,64,62,58,52,43,42,37.55,33.94
2024-12-27 04:00,64,62,58,52,43,42,37.54,32.78
2024-12-27 05:00,64,62,58,52,43,42,37.53,33.46
2024-12-27 06:00,64,62,58,52,43,42,37.51,35.58
2024-12-27 07:00,64,62,58,52,43,42,37.5,33.49
2024-12-27 08:00,64,62,58,52,43,42,37.49,33.69
2024-12-27 09:00,64,62,58,52,43,42,37.48,36.75
2024-12-27 10:00,64,62,58,52,43,42,37.47,39.19
2024-12-27 11:00,64,62,58,52,43,42,37.46,42.33
2024-12-27 12:00,64,62,58,52,43,42,37.45,44.46
2024-12-27 13:00,64,62,58,52,43,42,37.43,45.07
2024-12-27 14:00,64,62,58,52,43,42,37.42,44.84
2024-12-27 15:00,64,62,58,52,43,42,37.41,44.09
2024-12-27 16:00,64,62,58,52,43,42,37.39,42.98
2024-12-27 17:00,64,62,58,52,43,42,37.38,42.31
2024-12-27 18:00,64,62,58,52,43,42,37.36,39.58
2024-12-27 19:00,64,62,58,52,43,42,37.35,35.47
2024-12-27 20:00,64,62,58,52,43,42,37.34,34.42
2024-12-27 21:00,64,62,58,52,43,42,37.33,35.03
2024-12-27 22:00,64,62,58,52,43,42,37.31,35.09
2024-12-27 23:00,64,62,58,52,43,42,37.3,35.15
2024-12-28 00:00,64,62,58,52,43,42,37.3,35.21
2024-12-28 01:00,64,62,58,52,43,42,37.29,36.79
2024-12-28 02:00,64,62,58,52,43,42,37.28,37.19
2024-12-28 03:00,64,62,58,52,43,42,37.27,37.43
2024-12-28 04:00,64,62,58,52,43,42,37.26,38.07
2024-12-28 05:00,64,62,58,52,43,42,37.26,37.98
2024-12-28 06:00,64,62,58,52,43,42,37.25,39.41
2024-12-28 07:00,64,62,58,52,43,42,37.24,42.9
2024-12-28 08:00,64,62,58,52,43,42,37.24,42.4
2024-12-28 09:00,64,62,58,52,43,42,37.23,41.61
2024-12-28 10:00,64,62,58,52,43,42,37.22,42.31
2024-12-28 11:00,64,62,58,52,43,42,37.22,42.54
2024-12-28 12:00,64,62,58,52,43,42,37.21,43.23
2024-12-28 13:00,64,62,58,52,43,42,37.2,43.45
2024-12-28 14:00,64,62,58,52,43,42,37.19,43.13
2024-12-28 15:00,64,62,58,52,43,42,37.19,42.98
2024-12-28 16:00,64,62,58,52,43,42,37.18,41.47
2024-12-28 17:00,64,62,58,52,43,42,37.17,40.19
2024-12-28 18:00,64,62,58,52,43,42,37.16,39.98
2024-12-28 19:00,64,62,58,52,43,42,37.16,37.92
2024-12-28 20:00,64,62,58,52,43,42,37.15,33.82
2024-12-28 21:00,64,62,58,52,43,42,37.14,32.62
2024-12-28 22:00,64,62,58,52,43,42,37.14,32.33
2024-12-28 23:00,64,62,58,52,43,42,37.13,32.47
2024-12-29 00:00,64,62,58,52,43,42,37.13,32.42
2024-12-29 01:00,64,62,58,52,43,42,37.13,32.6
2024-12-29 02:00,64,62,58,52,43,42,37.13,32.63
2024-12-29 03:00,64,62,58,52,43,42,37.12,35.03
2024-12-29 04:00,64,62,58,52,43,42,37.12,36.98
2024-12-29 05:00,64,62,58,52,43,42,37.12,37.78
2024-12-29 06:00,64,62,58,52,43,42,37.11,37.9
2024-12-29 07:00,64,62,58,52,43,42,37.1,36.56
2024-12-29 08:00,64,62,58,52,43,42,37.1,36.21
2024-12-29 09:00,64,62,58,52,43,42,37.09,35.72
2024-12-29 10:00,64,62,58,52,43,42,37.08,36.39
2024-12-29 11:00,64,62,58,52,43,42,37.07,38.07
2024-12-29 12:00,64,62,58,52,43,42,37.05,40.22
2024-12-29 13:00,64,62,58,52,43,42,37.04,41.06
2024-12-29 14:00,64,62,58,52,43,42,37.03,42.92
2024-12-29 15:00,64,62,58,52,43,42,37.01,36.82
2024-12-29 16:00,64,62,58,52,43,42,37.0,38.61
2024-12-29 17:00,64,62,58,52,43,42,36.99,35.94
2024-12-29 18:00,64,62,58,52,43,42,36.97,33.52
2024-12-29 19:00,64,62,58,52,43,42,36.96,31.93
2024-12-29 20:00,64,62,58,52,43,42,36.95,33.6
2024-12-29 21:00,64,62,58,52,43,42,36.94,31.51
2024-12-29 22:00,64,62,58,52,43,42,36.94,31.16
2024-12-29 23:00,64,62,58,52,43,42,36.93,31.8
2024-12-30 00:00,64,62,58,52,43,42,36.93,31.92
2024-12-30 01:00,64,62,58,52,43,42,36.92,31.83
2024-12-30 02:00,64,62,58,52,43,42,36.92,31.1
2024-12-30 03:00,64,62,58,52,43,42,36.92,29.85
2024-12-30 04:00,64,62,58,52,43,42,36.91,31.62
2024-12-30 05:00,64,62,58,52,43,42,36.91,31.33
2024-12-30 06:00,64,62,58,52,43,42,36.9,31.09
2024-12-30 07:00,64,62,58,52,43,42,36.9,31.65
2024-12-30 08:00,64,62,58,52,43,42,36.89,31.3
2024-12-30 09:00,64,62,58,52,43,42,36.88,31.12
2024-12-30 10:00,64,62,58,52,43,42,36.87,33.34
2024-12-30 11:00,64,62,58,52,43,42,36.86,34.33
2024-12-30 12:00,64,62,58,52,43,42,36.85,34.59
2024-12-30 13:00,64,62,58,52,43,42,36.84,35.44
2024-12-30 14:00,64,62,58,52,43,42,36.82,36.17
2024-12-30 15:00,64,62,58,52,43,42,36.81,37.73
2024-12-30 16:00,64,62,58,52,43,42,36.79,37.78
2024-12-30 17:00,64,62,58,52,43,42,36.77,35.59
2024-12-30 18:00,64,62,58,52,43,42,36.75,33.24
2024-12-30 19:00,64,62,58,52,43,42,36.74,29.24
2024-12-30 20:00,64,62,58,52,43,42,36.72,27.02
2024-12-30 21:00,64,62,58,52,43,42,36.7,25.94
2024-12-30 22:00,64,62,58,52,43,42,36.69,24.83
2024-12-30 23:00,64,62,58,52,43,42,36.68,23.82
2024-12-31 00:00,64,62,58,52,43,42,36.66,23.54
2024-12-31 01:00,64,62,58,52,43,42,36.65,21.42
2024-12-31 02:00,64,62,58,52,43,42,36.64,23.28
2024-12-31 03:00,64,62,58,52,43,42,36.63,22.96
2024-12-31 04:00,64,62,58,52,43,42,36.61,22.58
2024-12-31 05:00,64,62,58,52,43,42,36.6,20.78
2024-12-31 06:00,64,62,58,52,43,42,36.59,20.32
2024-12-31 07:00,64,62,58,52,43,42,36.58,19.92
2024-12-31 08:00,64,62,58,52,43,42,36.57,19.48
2024-12-31 09:00,64,62,58,52,43,42,36.55,19.92
2024-12-31 10:00,64,62,58,52,43,42,36.54,21.67
2024-12-31 11:00,64,62,58,52,43,42,36.52,26.33
2024-12-31 12:00,64,62,58,52,43,42,36.51,29.5
2024-12-31 13:00,64,62,58,52,43,42,36.49,31.61
2024-12-31 14:00,64,62,58,52,43,42,36.47,31.89
2024-12-31 15:00,64,62,58,52,43,42,36.45,33.98
2024-12-31 16:00,64,62,58,52,43,42,36.43,35.32
2024-12-31 17:00,64,62,58,52,43,42,36.4,33.95
2024-12-31 18:00,64,62,58,52,43,42,36.38,33.49
2024-12-31 19:00,64,62,58,52,43,42,36.36,32.91
2024-12-31 20:00,64,62,58,52,43,42,36.34,33.15
