Date,2mm Top/ Shorty/ Spring/ Skin,2-3/2 Springsuit--FullSuit,___3/2---4/3 Full Wetsuit  and  Boots,4/3-5/4FullSuit_Boots_Gloves_Hood,5/4FullSuit_Boots_Gloves_Hood,6/5FullSuit_Boots_Gloves_Hood,WATER_TEMP,Air-Temp
2026-08-01 00:00,64,62,58,52,43,42,59.1,65.12
2026-08-01 01:00,64,62,58,52,43,42,59.1,64.75
2026-08-01 02:00,64,62,58,52,43,42,59.1,61.46
2026-08-01 03:00,64,62,58,52,43,42,59.1,63.91
2026-08-01 04:00,64,62,58,52,43,42,59.1,63.16
2026-08-01 05:00,64,62,58,52,43,42,59.1,60.78
2026-08-01 06:00,64,62,58,52,43,42,59.1,56.67
2026-08-01 07:00,64,62,58,52,43,42,59.1,61.01
2026-08-01 08:00,64,62,58,52,43,42,59.1,65.86
2026-08-01 09:00,64,62,58,52,43,42,59.1,68.78
2026-08-01 10:00,64,62,58,52,43,42,59.1,72.13
2026-08-01 11:00,64,62,58,52,43,42,59.1,75.11
2026-08-01 12:00,64,62,58,52,43,42,59.1,78.82
2026-08-01 13:00,64,62,58,52,43,42,59.1,79.13
2026-08-01 14:00,64,62,58,52,43,42,59.1,78.6
2026-08-01 15:00,64,62,58,52,43,42,59.1,79.62
2026-08-01 16:00,64,62,58,52,43,42,59.1,81.7
2026-08-01 17:00,64,62,58,52,43,42,59.1,80.1
2026-08-01 18:00,64,62,58,52,43,42,59.1,77.61
2026-08-01 19:00,64,62,58,52,43,42,59.1,72.92
2026-08-01 20:00,64,62,58,52,43,42,59.1,66.52
2026-08-01 21:00,64,62,58,52,43,42,59.1,62.04
2026-08-01 22:00,64,62,58,52,43,42,59.1,58.71
2026-08-01 23:00,64,62,58,52,43,42,59.1,57.86
2026-08-02 00:00,64,62,58,52,43,42,59.1,55.85
2026-08-02 01:00,64,62,58,52,43,42,59.1,52.41
2026-08-02 02:00,64,62,58,52,43,42,59.1,50.16
2026-08-02 03:00,64,62,58,52,43,42,59.1,48.02
2026-08-02 04:00,64,62,58,52,43,42,59.1,46.2
2026-08-02 05:00,64,62,58,52,43,42,59.1,44.88
2026-08-02 06:00,64,62,58,52,43,42,59.2,43.58
2026-08-02 07:00,64,62,58,52,43,42,59.2,46.27
2026-08-02 08:00,64,62,58,52,43,42,59.2,53.63
2026-08-02 09:00,64,62,58,52,43,42,59.2,57.33
2026-08-02 10:00,64,62,58,52,43,42,59.2,60.54
2026-08-02 11:00,64,62,58,52,43,42,59.2,63.4
2026-08-02 12:00,64,62,58,52,43,42,59.2,65.11
2026-08-02 13:00,64,62,58,52,43,42,59.2,67.71
2026-08-02 14:00,64,62,58,52,43,42,59.1,71.13
2026-08-02 15:00,64,62,58,52,43,42,59.1,74.81
2026-08-02 16:00,64,62,58,52,43,42,59.1,73.52
2026-08-02 17:00,64,62,58,52,43,42,59.1,73.21
2026-08-02 18:00,64,62,58,52,43,42,59.1,71.78
2026-08-02 19:00,64,62,58,52,43,42,59.1,69.13
2026-08-02 20:00,64,62,58,52,43,42,59.1,64.98
2026-08-02 21:00,64,62,58,52,43,42,59.1,60.58
2026-08-02 22:00,64,62,58,52,43,42,59.1,56.65
2026-08-02 23:00,64,62,58,52,43,42,59.1,54.58
2026-08-03 00:00,64,62,58,52,43,42,59.1,52.47
2026-08-03 01:00,64,62,58,52,43,42,59.1,49.76
2026-08-03 02:00,64,62,58,52,43,42,59.1,47.07
2026-08-03 03:00,64,62,58,52,43,42,59.1,45.66
2026-08-03 04:00,64,62,58,52,43,42,59.1,43.38
2026-08-03 05:00,64,62,58,52,43,42,59.1,42.52
2026-08-03 06:00,64,62,58,52,43,42,59.1,41.24
2026-08-03 07:00,64,62,58,52,43,42,59.1,42.4
2026-08-03 08:00,64,62,58,52,43,42,59.1,48.71
2026-08-03 09:00,64,62,58,52,43,42,59.1,57.41
2026-08-03 10:00,64,62,58,52,43,42,59.1,60.28
2026-08-03 11:00,64,62,58,52,43,42,59.1,64.01
2026-08-03 12:00,64,62,58,52,43,42,59.1,65.71
2026-08-03 13:00,64,62,58,52,43,42,59.0,68.81
2026-08-03 14:00,64,62,58,52,43,42,59.0,72.65
2026-08-03 15:00,64,62,58,52,43,42,59.0,72.17
2026-08-03 16:00,64,62,58,52,43,42,59.0,74.28
2026-08-03 17:00,64,62,58,52,43,42,59.0,72.69
2026-08-03 18:00,64,62,58,52,43,42,59.0,73.0
2026-08-03 19:00,64,62,58,52,43,42,58.9,72.38
2026-08-03 20:00,64,62,58,52,43,42,58.9,69.97
2026-08-03 21:00,64,62,58,52,43,42,58.9,66.37
2026-08-03 22:00,64,62,58,52,43,42,58.9,58.32
2026-08-03 23:00,64,62,58,52,43,42,58.9,59.05
2026-08-04 00:00,64,62,58,52,43,42,58.9,58.66
2026-08-04 01:00,64,62,58,52,43,42,58.9,57.22
2026-08-04 02:00,64,62,58,52,43,42,58.9,52.69
2026-08-04 03:00,64,62,58,52,43,42,58.9,50.0
2026-08-04 04:00,64,62,58,52,43,42,58.9,48.01
2026-08-04 05:00,64,62,58,52,43,42,58.9,46.23
2026-08-04 06:00,64,62,58,52,43,42,58.9,45.07
2026-08-04 07:00,64,62,58,52,43,42,58.9,46.07
2026-08-04 08:00,64,62,58,52,43,42,58.9,51.3
2026-08-04 09:00,64,62,58,52,43,42,58.9,61.24
2026-08-04 10:00,64,62,58,52,43,42,58.9,65.85
2026-08-04 11:00,64,62,58,52,43,42,58.9,68.18
2026-08-04 12:00,64,62,58,52,43,42,58.8,69.45
2026-08-04 13:00,64,62,58,52,43,42,58.8,73.11
2026-08-04 14:00,64,62,58,52,43,42,58.8,76.13
2026-08-04 15:00,64,62,58,52,43,42,58.8,78.75
2026-08-04 16:00,64,62,58,52,43,42,58.8,79.83
2026-08-04 17:00,64,62,58,52,43,42,58.8,79.59
2026-08-04 18:00,64,62,58,52,43,42,58.8,79.1
2026-08-04 19:00,64,62,58,52,43,42,58.8,77.84
2026-08-04 20:00,64,62,58,52,43,42,58.7,74.61
2026-08-04 21:00,64,62,58,52,43,42,58.7,70.45
2026-08-04 22:00,64,62,58,52,43,42,58.7,67.48
2026-08-04 23:00,64,62,58,52,43,42,58.7,62.73
2026-08-05 00:00,64,62,58,52,43,42,58.7,59.93
2026-08-05 01:00,64,62,58,52,43,42,58.7,56.87
2026-08-05 02:00,64,62,58,52,43,42,58.7,55.61
2026-08-05 03:00,64,62,58,52,43,42,58.7,52.92
2026-08-05 04:00,64,62,58,52,43,42,58.7,50.43
2026-08-05 05:00,64,62,58,52,43,42,58.7,49.54
2026-08-05 06:00,64,62,58,52,43,42,58.7,48.02
2026-08-05 07:00,64,62,58,52,43,42,58.7,51.66
2026-08-05 08:00,64,62,58,52,43,42,58.7,59.08
2026-08-05 09:00,64,62,58,52,43,42,58.7,65.57
2026-08-05 10:00,64,62,58,52,43,42,58.7,73.19
2026-08-05 11:00,64,62,58,52,43,42,58.7,76.85
2026-08-05 12:00,64,62,58,52,43,42,58.7,82.8
2026-08-05 13:00,64,62,58,52,43,42,58.7,84.1
2026-08-05 14:00,64,62,58,52,43,42,58.7,86.7
2026-08-05 15:00,64,62,58,52,43,42,58.7,89.9
2026-08-05 16:00,64,62,58,52,43,42,58.6,90.5
2026-08-05 17:00,64,62,58,52,43,42,58.6,89.9
2026-08-05 18:00,64,62,58,52,43,42,58.6,88.5
2026-08-05 19:00,64,62,58,52,43,42,58.6,87.1
2026-08-05 20:00,64,62,58,52,43,42,58.6,83.9
2026-08-05 21:00,64,62,58,52,43,42,58.6,79.36
2026-08-05 22:00,64,62,58,52,43,42,58.6,63.52
2026-08-05 23:00,64,62,58,52,43,42,58.6,65.19
2026-08-06 00:00,64,62,58,52,43,42,58.6,65.65
2026-08-06 01:00,64,62,58,52,43,42,58.6,62.44
2026-08-06 02:00,64,62,58,52,43,42,58.6,58.97
2026-08-06 03:00,64,62,58,52,43,42,58.6,57.25
2026-08-06 04:00,64,62,58,52,43,42,58.6,56.54
2026-08-06 05:00,64,62,58,52,43,42,58.6,58.9
2026-08-06 06:00,64,62,58,52,43,42,58.6,55.86
2026-08-06 07:00,64,62,58,52,43,42,58.6,59.06
2026-08-06 08:00,64,62,58,52,43,42,58.6,63.59
2026-08-06 09:00,64,62,58,52,43,42,58.6,70.52
2026-08-06 10:00,64,62,58,52,43,42,58.7,79.65
2026-08-06 11:00,64,62,58,52,43,42,58.7,85.3
2026-08-06 12:00,64,62,58,52,43,42,58.7,89.5
2026-08-06 13:00,64,62,58,52,43,42,58.7,93.1
2026-08-06 14:00,64,62,58,52,43,42,58.7,94.1
2026-08-06 15:00,64,62,58,52,43,42,58.7,94.1
2026-08-06 16:00,64,62,58,52,43,42,58.7,93.6
2026-08-06 17:00,64,62,58,52,43,42,58.7,91.9
2026-08-06 18:00,64,62,58,52,43,42,58.7,90.5
2026-08-06 19:00,64,62,58,52,43,42,58.7,88.0
2026-08-06 20:00,64,62,58,52,43,42,58.7,84.7
2026-08-06 21:00,64,62,58,52,43,42,58.7,80.5
2026-08-06 22:00,64,62,58,52,43,42,58.7,74.66
2026-08-06 23:00,64,62,58,52,43,42,58.7,69.8
2026-08-07 00:00,64,62,58,52,43,42,58.7,66.4
2026-08-07 01:00,64,62,58,52,43,42,58.7,64.17
2026-08-07 02:00,64,62,58,52,43,42,58.7,61.55
2026-08-07 03:00,64,62,58,52,43,42,58.8,66.04
2026-08-07 04:00,64,62,58,52,43,42,58.8,64.32
2026-08-07 05:00,64,62,58,52,43,42,58.8,63.27
2026-08-07 06:00,64,62,58,52,43,42,58.8,61.89
2026-08-07 07:00,64,62,58,52,43,42,58.8,63.06
2026-08-07 08:00,64,62,58,52,43,42,58.9,67.24
2026-08-07 09:00,64,62,58,52,43,42,58.9,72.6
2026-08-07 10:00,64,62,58,52,43,42,58.9,81.1
2026-08-07 11:00,64,62,58,52,43,42,58.9,86.4
2026-08-07 12:00,64,62,58,52,43,42,58.9,87.8
2026-08-07 13:00,64,62,58,52,43,42,58.9,89.1
2026-08-07 14:00,64,62,58,52,43,42,59.0,90.9
2026-08-07 15:00,64,62,58,52,43,42,59.0,93.1
2026-08-07 16:00,64,62,58,52,43,42,59.0,93.9
2026-08-07 17:00,64,62,58,52,43,42,59.0,91.4
2026-08-07 18:00,64,62,58,52,43,42,59.0,89.2
2026-08-07 19:00,64,62,58,52,43,42,59.0,86.0
2026-08-07 20:00,64,62,58,52,43,42,59.0,83.3
2026-08-07 21:00,64,62,58,52,43,42,59.0,79.09
2026-08-07 22:00,64,62,58,52,43,42,59.0,72.51
2026-08-07 23:00,64,62,58,52,43,42,59.0,67.96
2026-08-08 00:00,64,62,58,52,43,42,59.0,65.07
2026-08-08 01:00,64,62,58,52,43,42,59.1,61.96
2026-08-08 02:00,64,62,58,52,43,42,59.1,57.92
2026-08-08 03:00,64,62,58,52,43,42,59.1,56.01
2026-08-08 04:00,64,62,58,52,43,42,59.1,55.63
2026-08-08 05:00,64,62,58,52,43,42,59.1,56.54
2026-08-08 06:00,64,62,58,52,43,42,59.2,58.39
2026-08-08 07:00,64,62,58,52,43,42,59.2,58.44
2026-08-08 08:00,64,62,58,52,43,42,59.2,61.9
2026-08-08 09:00,64,62,58,52,43,42,59.2,68.68
2026-08-08 10:00,64,62,58,52,43,42,59.2,78.4
2026-08-08 11:00,64,62,58,52,43,42,59.2,81.5
2026-08-08 12:00,64,62,58,52,43,42,59.3,83.5
2026-08-08 13:00,64,62,58,52,43,42,59.3,85.2
2026-08-08 14:00,64,62,58,52,43,42,59.3,87.5
2026-08-08 15:00,64,62,58,52,43,42,59.3,88.9
2026-08-08 16:00,64,62,58,52,43,42,59.3,88.1
2026-08-08 17:00,64,62,58,52,43,42,59.3,86.5
2026-08-08 18:00,64,62,58,52,43,42,59.3,84.4
2026-08-08 19:00,64,62,58,52,43,42,59.3,81.4
2026-08-08 20:00,64,62,58,52,43,42,59.3,78.18
2026-08-08 21:00,64,62,58,52,43,42,59.3,74.43
2026-08-08 22:00,64,62,58,52,43,42,59.3,71.31
2026-08-08 23:00,64,62,58,52,43,42,59.3,67.96
2026-08-09 00:00,64,62,58,52,43,42,59.3,63.18
2026-08-09 01:00,64,62,58,52,43,42,59.3,58.86
2026-08-09 02:00,64,62,58,52,43,42,59.4,56.07
2026-08-09 03:00,64,62,58,52,43,42,59.4,54.23
2026-08-09 04:00,64,62,58,52,43,42,59.4,52.3
2026-08-09 05:00,64,62,58,52,43,42,59.4,52.02
2026-08-09 06:00,64,62,58,52,43,42,59.4,53.57
2026-08-09 07:00,64,62,58,52,43,42,59.4,55.79
2026-08-09 08:00,64,62,58,52,43,42,59.4,61.08
2026-08-09 09:00,64,62,58,52,43,42,59.4,68.56
2026-08-09 11:00,64,62,58,52,43,42,59.5,74.43
2026-08-09 12:00,64,62,58,52,43,42,59.5,78.03
2026-08-09 13:00,64,62,58,52,43,42,59.5,80.8
2026-08-09 14:00,64,62,58,52,43,42,59.5,82.7
2026-08-09 15:00,64,62,58,52,43,42,59.5,83.7
2026-08-09 16:00,64,62,58,52,43,42,59.5,85.2
2026-08-09 17:00,64,62,58,52,43,42,59.5,86.1
2026-08-09 18:00,64,62,58,52,43,42,59.5,84.5
2026-08-09 20:00,64,62,58,52,43,42,59.5,82.4
2026-08-09 21:00,64,62,58,52,43,42,59.5,79.91
2026-08-09 22:00,64,62,58,52,43,42,59.5,75.79
2026-08-09 23:00,64,62,58,52,43,42,59.5,71.19
2026-08-10 00:00,64,62,58,52,43,42,59.5,66.74
2026-08-10 01:00,64,62,58,52,43,42,59.5,65.79
2026-08-10 02:00,64,62,58,52,43,42,59.5,59.9
2026-08-10 03:00,64,62,58,52,43,42,59.5,55.26
2026-08-10 04:00,64,62,58,52,43,42,59.5,53.31
2026-08-10 05:00,64,62,58,52,43,42,59.5,51.09
2026-08-10 06:00,64,62,58,52,43,42,59.5,50.48
2026-08-10 07:00,64,62,58,52,43,42,59.5,50.12
2026-08-10 08:00,64,62,58,52,43,42,59.5,53.1
2026-08-10 09:00,64,62,58,52,43,42,59.5,53.77
2026-08-10 10:00,64,62,58,52,43,42,59.5,59.53
2026-08-10 11:00,64,62,58,52,43,42,59.5,65.02
2026-08-10 12:00,64,62,58,52,43,42,59.5,72.82
2026-08-10 13:00,64,62,58,52,43,42,59.5,76.66
2026-08-10 14:00,64,62,58,52,43,42,59.5,78.09
2026-08-10 15:00,64,62,58,52,43,42,59.5,80.1
2026-08-10 16:00,64,62,58,52,43,42,59.5,81.9
2026-08-10 17:00,64,62,58,52,43,42,59.5,83.0
2026-08-10 18:00,64,62,58,52,43,42,59.5,85.1
2026-08-10 19:00,64,62,58,52,43,42,59.5,83.3
2026-08-10 20:00,64,62,58,52,43,42,59.5,81.8
2026-08-10 21:00,64,62,58,52,43,42,59.5,79.41
2026-08-10 22:00,64,62,58,52,43,42,59.5,75.82
2026-08-10 23:00,64,62,58,52,43,42,59.5,71.78
2026-08-11 00:00,64,62,58,52,43,42,59.5,67.56
2026-08-11 01:00,64,62,58,52,43,42,59.5,64.63
2026-08-11 02:00,64,62,58,52,43,42,59.5,60.35
2026-08-11 03:00,64,62,58,52,43,42,59.5,57.35
2026-08-11 04:00,64,62,58,52,43,42,59.5,54.81
2026-08-11 05:00,64,62,58,52,43,42,59.5,53.66
2026-08-11 06:00,64,62,58,52,43,42,59.5,51.35
2026-08-11 07:00,64,62,58,52,43,42,59.5,50.02
2026-08-11 08:00,64,62,58,52,43,42,59.5,48.99
2026-08-11 09:00,64,62,58,52,43,42,59.5,53.4
2026-08-11 10:00,64,62,58,52,43,42,59.5,58.84
2026-08-11 11:00,64,62,58,52,43,42,59.5,66.05
2026-08-11 12:00,64,62,58,52,43,42,59.5,73.64
2026-08-11 13:00,64,62,58,52,43,42,59.5,74.91
2026-08-11 14:00,64,62,58,52,43,42,59.5,78.88
2026-08-11 15:00,64,62,58,52,43,42,59.5,79.62
2026-08-11 16:00,64,62,58,52,43,42,59.5,81.4
2026-08-11 17:00,64,62,58,52,43,42,59.5,85.5
2026-08-11 18:00,64,62,58,52,43,42,59.5,81.4
2026-08-11 19:00,64,62,58,52,43,42,59.5,82.6
2026-08-11 20:00,64,62,58,52,43,42,59.5,80.5
2026-08-11 21:00,64,62,58,52,43,42,59.5,77.39
2026-08-11 22:00,64,62,58,52,43,42,59.4,72.75
2026-08-11 23:00,64,62,58,52,43,42,59.5,68.63
2026-08-12 00:00,64,62,58,52,43,42,59.5,65.84
2026-08-12 01:00,64,62,58,52,43,42,59.5,64.29
2026-08-12 02:00,64,62,58,52,43,42,59.5,62.05
2026-08-12 03:00,64,62,58,52,43,42,59.5,56.97
2026-08-12 04:00,64,62,58,52,43,42,59.5,56.09
2026-08-12 05:00,64,62,58,52,43,42,59.5,54.71
2026-08-12 06:00,64,62,58,52,43,42,59.5,53.79
2026-08-12 07:00,64,62,58,52,43,42,59.5,52.34
2026-08-12 08:00,64,62,58,52,43,42,59.5,52.12
2026-08-12 09:00,64,62,58,52,43,42,59.5,55.98
2026-08-12 10:00,64,62,58,52,43,42,59.5,59.9
2026-08-12 11:00,64,62,58,52,43,42,59.5,65.28
2026-08-12 12:00,64,62,58,52,43,42,59.5,69.04
2026-08-12 13:00,64,62,58,52,43,42,59.5,71.84
2026-08-12 14:00,64,62,58,52,43,42,59.5,73.92
2026-08-12 15:00,64,62,58,52,43,42,59.5,77.79
2026-08-12 16:00,64,62,58,52,43,42,59.5,78.78
2026-08-12 17:00,64,62,58,52,43,42,59.5,79.24
2026-08-12 18:00,64,62,58,52,43,42,59.5,80.4
2026-08-12 19:00,64,62,58,52,43,42,59.4,77.46
2026-08-12 20:00,64,62,58,52,43,42,59.4,76.74
2026-08-12 21:00,64,62,58,52,43,42,59.4,74.46
2026-08-12 22:00,64,62,58,52,43,42,59.4,70.85
2026-08-12 23:00,64,62,58,52,43,42,59.4,67.5
2026-08-13 00:00,64,62,58,52,43,42,59.4,64.81
2026-08-13 01:00,64,62,58,52,43,42,59.5,62.46
2026-08-13 02:00,64,62,58,52,43,42,59.5,59.38
2026-08-13 03:00,64,62,58,52,43,42,59.5,57.67
2026-08-13 04:00,64,62,58,52,43,42,59.5,54.58
2026-08-13 05:00,64,62,58,52,43,42,59.5,53.2
2026-08-13 06:00,64,62,58,52,43,42,59.5,50.71
2026-08-13 07:00,64,62,58,52,43,42,59.5,50.37
2026-08-13 08:00,64,62,58,52,43,42,59.5,49.14
2026-08-13 09:00,64,62,58,52,43,42,59.5,50.23
2026-08-13 10:00,64,62,58,52,43,42,59.5,57.91
2026-08-13 11:00,64,62,58,52,43,42,59.5,62.18
2026-08-13 12:00,64,62,58,52,43,42,59.5,65.63
2026-08-13 13:00,64,62,58,52,43,42,59.5,68.08
2026-08-13 14:00,64,62,58,52,43,42,59.5,70.85
2026-08-13 15:00,64,62,58,52,43,42,59.5,73.54
2026-08-13 16:00,64,62,58,52,43,42,59.5,76.54
2026-08-13 17:00,64,62,58,52,43,42,59.5,76.75
2026-08-13 18:00,64,62,58,52,43,42,59.5,78.02
2026-08-13 19:00,64,62,58,52,43,42,59.5,76.42
2026-08-13 20:00,64,62,58,52,43,42,59.5,67.12
2026-08-13 21:00,64,62,58,52,43,42,59.5,63.75
2026-08-13 22:00,64,62,58,52,43,42,59.5,62.19
2026-08-13 23:00,64,62,58,52,43,42,59.5,61.33
2026-08-14 00:00,64,62,58,52,43,42,59.5,57.2
2026-08-14 01:00,64,62,58,52,43,42,59.5,55.62
2026-08-14 02:00,64,62,58,52,43,42,59.5,55.28
2026-08-14 03:00,64,62,58,52,43,42,59.5,55.38
2026-08-14 04:00,64,62,58,52,43,42,59.5,54.96
2026-08-14 05:00,64,62,58,52,43,42,59.5,54.49
2026-08-14 06:00,64,62,58,52,43,42,59.5,53.68
2026-08-14 07:00,64,62,58,52,43,42,59.5,51.43
2026-08-14 08:00,64,62,58,52,43,42,59.5,52.2
2026-08-14 09:00,64,62,58,52,43,42,59.5,52.4
2026-08-14 10:00,64,62,58,52,43,42,59.5,56.04
2026-08-14 11:00,64,62,58,52,43,42,59.5,61.35
2026-08-14 12:00,64,62,58,52,43,42,59.5,68.14
2026-08-14 13:00,64,62,58,52,43,42,59.5,73.78
2026-08-14 14:00,64,62,58,52,43,42,59.5,75.69
2026-08-14 15:00,64,62,58,52,43,42,59.5,78.2
2026-08-14 16:00,64,62,58,52,43,42,59.5,80.4
2026-08-14 17:00,64,62,58,52,43,42,59.5,81.0
2026-08-14 18:00,64,62,58,52,43,42,59.5,78.37
2026-08-14 19:00,64,62,58,52,43,42,59.5,77.44
2026-08-14 20:00,64,62,58,52,43,42,59.5,75.22
2026-08-14 21:00,64,62,58,52,43,42,59.5,72.13
2026-08-14 22:00,64,62,58,52,43,42,59.5,68.83
2026-08-14 23:00,64,62,58,52,43,42,59.5,68.23
2026-08-15 00:00,64,62,58,52,43,42,59.5,66.17
2026-08-15 01:00,64,62,58,52,43,42,59.5,64.47
2026-08-15 02:00,64,62,58,52,43,42,59.5,63.01
2026-08-15 03:00,64,62,58,52,43,42,59.5,59.7
2026-08-15 04:00,64,62,58,52,43,42,59.5,58.5
2026-08-15 05:00,64,62,58,52,43,42,59.5,57.14
2026-08-15 06:00,64,62,58,52,43,42,59.5,56.13
2026-08-15 07:00,64,62,58,52,43,42,59.5,53.71
2026-08-15 08:00,64,62,58,52,43,42,59.5,53.91
2026-08-15 09:00,64,62,58,52,43,42,59.5,54.16
2026-08-15 10:00,64,62,58,52,43,42,59.5,58.52
2026-08-15 11:00,64,62,58,52,43,42,59.5,65.71
2026-08-15 12:00,64,62,58,52,43,42,59.5,69.2
2026-08-15 13:00,64,62,58,52,43,42,59.5,72.49
2026-08-15 14:00,64,62,58,52,43,42,59.5,74.39
2026-08-15 15:00,64,62,58,52,43,42,59.5,75.47
2026-08-15 16:00,64,62,58,52,43,42,59.5,77.23
2026-08-15 17:00,64,62,58,52,43,42,59.5,79.16
2026-08-15 18:00,64,62,58,52,43,42,59.4,76.69
2026-08-15 19:00,64,62,58,52,43,42,59.4,77.97
2026-08-15 20:00,64,62,58,52,43,42,59.4,77.21
2026-08-15 21:00,64,62,58,52,43,42,59.4,74.21
2026-08-15 22:00,64,62,58,52,43,42,59.4,71.91
2026-08-15 23:00,64,62,58,52,43,42,59.4,69.91
2026-08-16 00:00,64,62,58,52,43,42,59.4,59.46
2026-08-16 01:00,64,62,58,52,43,42,59.4,57.1
2026-08-16 02:00,64,62,58,52,43,42,59.4,58.34
2026-08-16 03:00,64,62,58,52,43,42,59.4,61.5
2026-08-16 04:00,64,62,58,52,43,42,59.4,59.69
2026-08-16 05:00,64,62,58,52,43,42,59.4,57.49
2026-08-16 06:00,64,62,58,52,43,42,59.4,56.25
2026-08-16 07:00,64,62,58,52,43,42,59.4,57.6
2026-08-16 08:00,64,62,58,52,43,42,59.4,56.58
2026-08-16 09:00,64,62,58,52,43,42,59.4,56.82
2026-08-16 10:00,64,62,58,52,43,42,59.4,59.08
2026-08-16 11:00,64,62,58,52,43,42,59.4,65.51
2026-08-16 12:00,64,62,58,52,43,42,59.4,72.88
2026-08-16 13:00,64,62,58,52,43,42,59.4,76.77
2026-08-16 14:00,64,62,58,52,43,42,59.4,77.89
2026-08-16 15:00,64,62,58,52,43,42,59.4,78.9
2026-08-16 16:00,64,62,58,52,43,42,59.4,79.85
2026-08-16 17:00,64,62,58,52,43,42,59.4,83.1
2026-08-16 18:00,64,62,58,52,43,42,59.4,82.6
2026-08-16 19:00,64,62,58,52,43,42,59.4,80.6
2026-08-16 20:00,64,62,58,52,43,42,59.4,79.92
2026-08-16 21:00,64,62,58,52,43,42,59.4,77.5
2026-08-16 22:00,64,62,58,52,43,42,59.4,74.77
2026-08-16 23:00,64,62,58,52,43,42,59.4,72.07
2026-08-17 00:00,64,62,58,52,43,42,59.4,69.59
2026-08-17 02:00,64,62,58,52,43,42,59.4,66.14
2026-08-17 03:00,64,62,58,52,43,42,59.4,63.3
2026-08-17 04:00,64,62,58,52,43,42,59.4,62.09
2026-08-17 05:00,64,62,58,52,43,42,59.4,59.79
2026-08-17 06:00,64,62,58,52,43,42,59.4,58.75
2026-08-17 07:00,64,62,58,52,43,42,59.4,55.91
2026-08-17 08:00,64,62,58,52,43,42,59.4,54.97
2026-08-17 09:00,64,62,58,52,43,42,59.4,55.01
2026-08-17 10:00,64,62,58,52,43,42,59.4,55.77
2026-08-17 11:00,64,62,58,52,43,42,59.5,60.71
2026-08-17 12:00,64,62,58,52,43,42,59.5,65.19
2026-08-17 13:00,64,62,58,52,43,42,59.5,73.29
2026-08-17 14:00,64,62,58,52,43,42,59.5,76.04
2026-08-17 15:00,64,62,58,52,43,42,59.5,77.99
2026-08-17 16:00,64,62,58,52,43,42,59.5,79.44
2026-08-17 17:00,64,62,58,52,43,42,59.5,81.6
2026-08-17 18:00,64,62,58,52,43,42,59.5,83.3
2026-08-17 19:00,64,62,58,52,43,42,59.5,84.1
2026-08-17 20:00,64,62,58,52,43,42,59.5,82.3
2026-08-17 21:00,64,62,58,52,43,42,59.5,80.9
2026-08-17 22:00,64,62,58,52,43,42,59.5,79.98
2026-08-17 23:00,64,62,58,52,43,42,59.5,76.17
2026-08-18 00:00,64,62,58,52,43,42,59.5,73.43
2026-08-18 01:00,64,62,58,52,43,42,59.5,69.07
2026-08-18 02:00,64,62,58,52,43,42,59.5,64.6
2026-08-18 03:00,64,62,58,52,43,42,59.5,61.11
2026-08-18 04:00,64,62,58,52,43,42,59.5,59.26
2026-08-18 05:00,64,62,58,52,43,42,59.5,56.95
2026-08-18 06:00,64,62,58,52,43,42,59.6,55.98
2026-08-18 07:00,64,62,58,52,43,42,59.6,55.64
2026-08-18 08:00,64,62,58,52,43,42,59.6,55.13
2026-08-18 09:00,64,62,58,52,43,42,59.6,54.9
2026-08-18 10:00,64,62,58,52,43,42,59.6,56.95
2026-08-18 11:00,64,62,58,52,43,42,59.6,61.13
2026-08-18 12:00,64,62,58,52,43,42,59.6,66.87
2026-08-18 13:00,64,62,58,52,43,42,59.6,73.97
2026-08-18 14:00,64,62,58,52,43,42,59.6,79.15
2026-08-18 15:00,64,62,58,52,43,42,59.6,81.6
2026-08-18 16:00,64,62,58,52,43,42,59.6,83.6
2026-08-18 17:00,64,62,58,52,43,42,59.6,85.5
2026-08-18 18:00,64,62,58,52,43,42,59.6,86.3
2026-08-18 19:00,64,62,58,52,43,42,59.6,86.6
2026-08-18 20:00,64,62,58,52,43,42,59.6,85.0
2026-08-18 21:00,64,62,58,52,43,42,59.6,83.7
2026-08-18 22:00,64,62,58,52,43,42,59.6,81.7
2026-08-18 23:00,64,62,58,52,43,42,59.6,77.53
2026-08-19 00:00,64,62,58,52,43,42,59.6,73.72
2026-08-19 01:00,64,62,58,52,43,42,59.6,70.02
2026-08-19 02:00,64,62,58,52,43,42,59.6,65.43
2026-08-19 03:00,64,62,58,52,43,42,59.6,61.0
2026-08-19 04:00,64,62,58,52,43,42,59.6,58.96
2026-08-19 05:00,64,62,58,52,43,42,59.6,55.34
2026-08-19 06:00,64,62,58,52,43,42,59.6,54.61
2026-08-19 07:00,64,62,58,52,43,42,59.6,55.96
2026-08-19 08:00,64,62,58,52,43,42,59.6,55.19
2026-08-19 09:00,64,62,58,52,43,42,59.6,57.63
2026-08-19 10:00,64,62,58,52,43,42,59.6,57.87
2026-08-19 11:00,64,62,58,52,43,42,59.6,61.26
2026-08-19 12:00,64,62,58,52,43,42,59.6,66.0
2026-08-19 13:00,64,62,58,52,43,42,59.6,72.24
2026-08-19 14:00,64,62,58,52,43,42,59.6,78.81
2026-08-19 15:00,64,62,58,52,43,42,59.6,84.3
2026-08-19 16:00,64,62,58,52,43,42,59.6,87.0
2026-08-19 17:00,64,62,58,52,43,42,59.6,90.1
2026-08-19 18:00,64,62,58,52,43,42,59.6,89.6
2026-08-19 19:00,64,62,58,52,43,42,59.6,89.4
2026-08-19 20:00,64,62,58,52,43,42,59.6,87.3
2026-08-19 21:00,64,62,58,52,43,42,59.6,86.5
2026-08-19 22:00,64,62,58,52,43,42,59.6,85.1
2026-08-19 23:00,64,62,58,52,43,42,59.6,81.0
2026-08-20 00:00,64,62,58,52,43,42,59.6,77.01
2026-08-20 01:00,64,62,58,52,43,42,59.6,72.44
2026-08-20 02:00,64,62,58,52,43,42,59.6,69.61
2026-08-20 03:00,64,62,58,52,43,42,59.6,64.08
2026-08-20 04:00,64,62,58,52,43,42,59.6,62.5
2026-08-20 05:00,64,62,58,52,43,42,59.6,61.7
2026-08-20 06:00,64,62,58,52,43,42,59.6,58.31
2026-08-20 07:00,64,62,58,52,43,42,59.6,56.35
2026-08-20 08:00,64,62,58,52,43,42,59.6,57.21
2026-08-20 09:00,64,62,58,52,43,42,59.6,58.85
2026-08-20 10:00,64,62,58,52,43,42,59.6,59.29
2026-08-20 11:00,64,62,58,52,43,42,59.7,63.41
2026-08-20 12:00,64,62,58,52,43,42,59.7,69.47
2026-08-20 13:00,64,62,58,52,43,42,59.7,76.96
2026-08-20 14:00,64,62,58,52,43,42,59.7,83.5
2026-08-20 15:00,64,62,58,52,43,42,59.7,86.6
2026-08-20 16:00,64,62,58,52,43,42,59.7,90.6
2026-08-20 18:00,64,62,58,52,43,42,59.7,89.7
2026-08-20 19:00,64,62,58,52,43,42,59.7,88.8
2026-08-20 20:00,64,62,58,52,43,42,59.7,91.6
2026-08-20 21:00,64,62,58,52,43,42,59.7,89.2
2026-08-20 22:00,64,62,58,52,43,42,59.6,89.3
2026-08-20 23:00,64,62,58,52,43,42,59.6,86.9
2026-08-21 00:00,64,62,58,52,43,42,59.6,83.8
2026-08-21 01:00,64,62,58,52,43,42,59.7,80.5
2026-08-21 02:00,64,62,58,52,43,42,59.7,77.62
2026-08-21 03:00,64,62,58,52,43,42,59.7,76.94
2026-08-21 04:00,64,62,58,52,43,42,59.7,75.28
2026-08-21 05:00,64,62,58,52,43,42,59.7,73.01
2026-08-21 06:00,64,62,58,52,43,42,59.7,65.9
2026-08-21 07:00,64,62,58,52,43,42,59.7,64.43
2026-08-21 08:00,64,62,58,52,43,42,59.7,64.71
2026-08-21 09:00,64,62,58,52,43,42,59.7,64.25
2026-08-21 10:00,64,62,58,52,43,42,59.7,63.04
2026-08-21 11:00,64,62,58,52,43,42,59.7,63.88
2026-08-21 12:00,64,62,58,52,43,42,59.7,66.67
2026-08-21 13:00,64,62,58,52,43,42,59.7,72.1
2026-08-21 14:00,64,62,58,52,43,42,59.7,79.81
2026-08-21 15:00,64,62,58,52,43,42,59.7,83.9
2026-08-21 16:00,64,62,58,52,43,42,59.7,83.8
2026-08-21 18:00,64,62,58,52,43,42,59.7,84.1
2026-08-21 19:00,64,62,58,52,43,42,59.7,85.6
2026-08-21 20:00,64,62,58,52,43,42,59.7,86.9
2026-08-21 21:00,64,62,58,52,43,42,59.7,85.8
2026-08-21 22:00,64,62,58,52,43,42,59.7,84.2
2026-08-21 23:00,64,62,58,52,43,42,59.7,82.7
2026-08-22 00:00,64,62,58,52,43,42,59.7,78.78
2026-08-22 01:00,64,62,58,52,43,42,59.7,77.21
2026-08-22 02:00,64,62,58,52,43,42,59.7,75.23
2026-08-22 03:00,64,62,58,52,43,42,59.7,69.47
2026-08-22 04:00,64,62,58,52,43,42,59.7,67.73
2026-08-22 05:00,64,62,58,52,43,42,59.7,64.6
2026-08-22 06:00,64,62,58,52,43,42,59.7,63.14
2026-08-22 07:00,64,62,58,52,43,42,59.7,60.89
2026-08-22 08:00,64,62,58,52,43,42,59.7,58.87
2026-08-22 09:00,64,62,58,52,43,42,59.7,63.15
2026-08-22 10:00,64,62,58,52,43,42,59.7,63.68
2026-08-22 11:00,64,62,58,52,43,42,59.7,61.39
2026-08-22 12:00,64,62,58,52,43,42,59.7,60.37
2026-08-22 13:00,64,62,58,52,43,42,59.7,63.83
2026-08-22 14:00,64,62,58,52,43,42,59.7,68.3
2026-08-22 15:00,64,62,58,52,43,42,59.7,72.45
2026-08-22 17:00,64,62,58,52,43,42,59.7,76.1
2026-08-22 18:00,64,62,58,52,43,42,59.7,78.53
2026-08-22 19:00,64,62,58,52,43,42,59.7,81.5
2026-08-22 20:00,64,62,58,52,43,42,59.7,82.7
2026-08-22 21:00,64,62,58,52,43,42,59.7,83.4
2026-08-22 22:00,64,62,58,52,43,42,59.7,82.8
2026-08-22 23:00,64,62,58,52,43,42,59.6,80.2
2026-08-23 00:00,64,62,58,52,43,42,59.6,77.45
2026-08-23 01:00,64,62,58,52,43,42,59.6,74.05
2026-08-23 02:00,64,62,58,52,43,42,59.6,70.27
2026-08-23 03:00,64,62,58,52,43,42,59.6,66.45
2026-08-23 04:00,64,62,58,52,43,42,59.6,62.72
2026-08-23 05:00,64,62,58,52,43,42,59.6,62.32
2026-08-23 06:00,64,62,58,52,43,42,59.6,60.02
2026-08-23 07:00,64,62,58,52,43,42,59.6,58.28
2026-08-23 08:00,64,62,58,52,43,42,59.6,57.37
2026-08-23 09:00,64,62,58,52,43,42,59.6,57.85
2026-08-23 10:00,64,62,58,52,43,42,59.6,56.8
2026-08-23 12:00,64,62,58,52,43,42,59.6,55.22
2026-08-23 13:00,64,62,58,52,43,42,59.6,54.73
2026-08-23 14:00,64,62,58,52,43,42,59.6,55.25
2026-08-23 15:00,64,62,58,52,43,42,59.6,58.22
2026-08-23 16:00,64,62,58,52,43,42,59.6,62.46
2026-08-23 17:00,64,62,58,52,43,42,59.6,65.87
2026-08-23 18:00,64,62,58,52,43,42,59.6,70.82
2026-08-23 19:00,64,62,58,52,43,42,59.5,71.95
2026-08-23 20:00,64,62,58,52,43,42,59.5,73.42
2026-08-23 21:00,64,62,58,52,43,42,59.5,75.73
2026-08-23 22:00,64,62,58,52,43,42,59.5,78.18
2026-08-23 23:00,64,62,58,52,43,42,59.5,78.95
2026-08-24 00:00,64,62,58,52,43,42,59.5,77.79
2026-08-24 01:00,64,62,58,52,43,42,59.4,76.34
2026-08-24 02:00,64,62,58,52,43,42,59.4,74.82
2026-08-24 03:00,64,62,58,52,43,42,59.4,71.21
2026-08-24 04:00,64,62,58,52,43,42,59.4,67.87
2026-08-24 05:00,64,62,58,52,43,42,59.4,64.63
2026-08-24 06:00,64,62,58,52,43,42,59.4,62.57
2026-08-24 07:00,64,62,58,52,43,42,59.4,60.79
2026-08-24 08:00,64,62,58,52,43,42,59.4,57.11
2026-08-24 09:00,64,62,58,52,43,42,59.4,54.83
2026-08-24 10:00,64,62,58,52,43,42,59.4,52.57
2026-08-24 11:00,64,62,58,52,43,42,59.4,50.25
2026-08-24 12:00,64,62,58,52,43,42,59.4,50.21
2026-08-24 13:00,64,62,58,52,43,42,59.4,48.65
2026-08-24 14:00,64,62,58,52,43,42,59.4,49.83
2026-08-24 15:00,64,62,58,52,43,42,59.4,56.08
2026-08-24 16:00,64,62,58,52,43,42,59.4,66.63
2026-08-24 17:00,64,62,58,52,43,42,59.4,69.95
2026-08-24 18:00,64,62,58,52,43,42,59.3,70.73
2026-08-24 19:00,64,62,58,52,43,42,59.3,73.52
2026-08-24 20:00,64,62,58,52,43,42,59.3,76.47
2026-08-24 21:00,64,62,58,52,43,42,59.3,79.12
2026-08-24 22:00,64,62,58,52,43,42,59.3,81.1
2026-08-24 23:00,64,62,58,52,43,42,59.3,82.0
2026-08-25 00:00,64,62,58,52,43,42,59.3,82.4
2026-08-25 01:00,64,62,58,52,43,42,59.3,81.3
2026-08-25 02:00,64,62,58,52,43,42,59.3,78.81
2026-08-25 03:00,64,62,58,52,43,42,59.3,75.32
2026-08-25 04:00,64,62,58,52,43,42,59.3,73.16
2026-08-25 05:00,64,62,58,52,43,42,59.3,71.07
2026-08-25 06:00,64,62,58,52,43,42,59.3,69.71
2026-08-25 07:00,64,62,58,52,43,42,59.3,65.1
2026-08-25 09:00,64,62,58,52,43,42,59.3,62.57
2026-08-25 10:00,64,62,58,52,43,42,59.3,58.37
2026-08-25 11:00,64,62,58,52,43,42,59.3,54.84
2026-08-25 12:00,64,62,58,52,43,42,59.3,53.49
2026-08-25 13:00,64,62,58,52,43,42,59.3,51.65
2026-08-25 14:00,64,62,58,52,43,42,59.3,51.72
2026-08-25 15:00,64,62,58,52,43,42,59.3,52.28
2026-08-25 16:00,64,62,58,52,43,42,59.3,59.35
2026-08-25 17:00,64,62,58,52,43,42,59.3,66.8
2026-08-25 18:00,64,62,58,52,43,42,59.3,71.56
2026-08-25 19:00,64,62,58,52,43,42,59.3,76.36
2026-08-25 20:00,64,62,58,52,43,42,59.3,79.96
2026-08-25 21:00,64,62,58,52,43,42,59.3,84.3
2026-08-25 22:00,64,62,58,52,43,42,59.2,87.1
2026-08-25 23:00,64,62,58,52,43,42,59.2,87.7
2026-08-26 00:00,64,62,58,52,43,42,59.2,88.6
2026-08-26 01:00,64,62,58,52,43,42,59.2,88.4
2026-08-26 02:00,64,62,58,52,43,42,59.2,84.4
2026-08-26 03:00,64,62,58,52,43,42,59.2,80.6
2026-08-26 04:00,64,62,58,52,43,42,59.3,76.52
2026-08-26 05:00,64,62,58,52,43,42,59.3,72.59
2026-08-26 06:00,64,62,58,52,43,42,59.3,68.92
2026-08-26 07:00,64,62,58,52,43,42,59.3,64.46
2026-08-26 08:00,64,62,58,52,43,42,59.3,62.04
2026-08-26 09:00,64,62,58,52,43,42,59.3,59.85
2026-08-26 10:00,64,62,58,52,43,42,59.3,56.49
2026-08-26 11:00,64,62,58,52,43,42,59.3,56.16
2026-08-26 12:00,64,62,58,52,43,42,59.3,56.76
2026-08-26 13:00,64,62,58,52,43,42,59.3,57.17
2026-08-26 14:00,64,62,58,52,43,42,59.3,57.28
2026-08-26 15:00,64,62,58,52,43,42,59.3,56.79
2026-08-26 16:00,64,62,58,52,43,42,59.3,60.22
2026-08-26 17:00,64,62,58,52,43,42,59.3,65.65
2026-08-26 18:00,64,62,58,52,43,42,59.3,71.79
2026-08-26 19:00,64,62,58,52,43,42,59.3,75.31
2026-08-26 20:00,64,62,58,52,43,42,59.3,78.57
2026-08-26 21:00,64,62,58,52,43,42,59.3,81.2
2026-08-26 22:00,64,62,58,52,43,42,59.2,83.7
2026-08-26 23:00,64,62,58,52,43,42,59.2,86.0
2026-08-27 00:00,64,62,58,52,43,42,59.2,85.2
2026-08-27 01:00,64,62,58,52,43,42,59.2,84.9
2026-08-27 02:00,64,62,58,52,43,42,59.2,83.3
2026-08-27 03:00,64,62,58,52,43,42,59.2,80.0
2026-08-27 04:00,64,62,58,52,43,42,59.2,77.21
2026-08-27 05:00,64,62,58,52,43,42,59.3,73.17
2026-08-27 06:00,64,62,58,52,43,42,59.3,69.65
2026-08-27 07:00,64,62,58,52,43,42,59.3,66.31
2026-08-27 08:00,64,62,58,52,43,42,59.3,63.62
2026-08-27 09:00,64,62,58,52,43,42,59.3,62.33
2026-08-27 10:00,64,62,58,52,43,42,59.3,61.82
2026-08-27 11:00,64,62,58,52,43,42,59.3,58.78
2026-08-27 12:00,64,62,58,52,43,42,59.3,61.08
2026-08-27 13:00,64,62,58,52,43,42,59.3,59.12
2026-08-27 14:00,64,62,58,52,43,42,59.3,57.03
2026-08-27 15:00,64,62,58,52,43,42,59.3,56.0
2026-08-27 16:00,64,62,58,52,43,42,59.3,60.13
2026-08-27 17:00,64,62,58,52,43,42,59.3,64.81
2026-08-27 18:00,64,62,58,52,43,42,59.3,68.99
2026-08-27 19:00,64,62,58,52,43,42,59.3,73.64
2026-08-27 20:00,64,62,58,52,43,42,59.3,75.52
2026-08-27 21:00,64,62,58,52,43,42,59.3,76.25
2026-08-27 22:00,64,62,58,52,43,42,59.3,78.7
2026-08-27 23:00,64,62,58,52,43,42,59.3,79.36
2026-08-28 00:00,64,62,58,52,43,42,59.3,78.6
2026-08-28 01:00,64,62,58,52,43,42,59.3,77.54
2026-08-28 02:00,64,62,58,52,43,42,59.3,75.82
2026-08-28 03:00,64,62,58,52,43,42,59.3,72.93
2026-08-28 04:00,64,62,58,52,43,42,59.3,68.89
2026-08-28 05:00,64,62,58,52,43,42,59.3,65.33
2026-08-28 06:00,64,62,58,52,43,42,59.3,61.44
2026-08-28 07:00,64,62,58,52,43,42,59.3,59.29
2026-08-28 08:00,64,62,58,52,43,42,59.3,56.7
2026-08-28 09:00,64,62,58,52,43,42,59.3,53.84
2026-08-28 10:00,64,62,58,52,43,42,59.3,51.76
2026-08-28 11:00,64,62,58,52,43,42,59.3,49.93
2026-08-28 12:00,64,62,58,52,43,42,59.3,48.21
2026-08-28 13:00,64,62,58,52,43,42,59.3,46.74
2026-08-28 14:00,64,62,58,52,43,42,59.3,46.69
2026-08-28 15:00,64,62,58,52,43,42,59.3,46.7
2026-08-28 16:00,64,62,58,52,43,42,59.3,53.31
2026-08-28 17:00,64,62,58,52,43,42,59.3,60.43
2026-08-28 18:00,64,62,58,52,43,42,59.3,64.89
2026-08-28 19:00,64,62,58,52,43,42,59.3,67.24
2026-08-28 20:00,64,62,58,52,43,42,59.3,69.75
2026-08-28 21:00,64,62,58,52,43,42,59.3,72.41
2026-08-28 22:00,64,62,58,52,43,42,59.3,75.18
2026-08-28 23:00,64,62,58,52,43,42,59.3,76.82
2026-08-29 00:00,64,62,58,52,43,42,59.3,75.61
2026-08-29 01:00,64,62,58,52,43,42,59.3,74.45
2026-08-29 02:00,64,62,58,52,43,42,59.3,72.34
2026-08-29 03:00,64,62,58,52,43,42,59.3,72.18
2026-08-29 04:00,64,62,58,52,43,42,59.3,68.32
2026-08-29 05:00,64,62,58,52,43,42,59.3,65.57
2026-08-29 06:00,64,62,58,52,43,42,59.3,61.23
2026-08-29 07:00,64,62,58,52,43,42,59.3,58.4
2026-08-29 08:00,64,62,58,52,43,42,59.3,58.13
2026-08-29 09:00,64,62,58,52,43,42,59.2,56.95
2026-08-29 10:00,64,62,58,52,43,42,59.2,55.31
2026-08-29 11:00,64,62,58,52,43,42,59.2,52.49
2026-08-29 12:00,64,62,58,52,43,42,59.2,52.65
2026-08-29 13:00,64,62,58,52,43,42,59.2,50.8
2026-08-29 14:00,64,62,58,52,43,42,59.2,51.51
2026-08-29 15:00,64,62,58,52,43,42,59.2,50.94
2026-08-29 16:00,64,62,58,52,43,42,59.2,52.27
2026-08-29 17:00,64,62,58,52,43,42,59.2,56.57
2026-08-29 18:00,64,62,58,52,43,42,59.2,58.52
2026-08-29 19:00,64,62,58,52,43,42,59.2,61.31
2026-08-29 20:00,64,62,58,52,43,42,59.2,62.35
2026-08-29 21:00,64,62,58,52,43,42,59.1,60.58
2026-08-29 22:00,64,62,58,52,43,42,59.1,61.75
2026-08-29 23:00,64,62,58,52,43,42,59.1,63.61
2026-08-30 00:00,64,62,58,52,43,42,59.1,63.89
2026-08-30 01:00,64,62,58,52,43,42,59.1,63.24
2026-08-30 02:00,64,62,58,52,43,42,59.1,61.69
2026-08-30 03:00,64,62,58,52,43,42,59.1,58.77
2026-08-30 04:00,64,62,58,52,43,42,59.1,55.91
2026-08-30 05:00,64,62,58,52,43,42,59.1,53.72
2026-08-30 06:00,64,62,58,52,43,42,59.1,51.47
2026-08-30 07:00,64,62,58,52,43,42,59.0,48.47
2026-08-30 08:00,64,62,58,52,43,42,59.0,44.91
2026-08-30 09:00,64,62,58,52,43,42,59.0,43.56
2026-08-30 10:00,64,62,58,52,43,42,59.0,41.06
2026-08-30 11:00,64,62,58,52,43,42,59.0,39.77
2026-08-30 12:00,64,62,58,52,43,42,59.0,37.83
2026-08-30 13:00,64,62,58,52,43,42,59.0,37.0
2026-08-30 14:00,64,62,58,52,43,42,59.0,39.72
2026-08-30 15:00,64,62,58,52,43,42,58.9,39.96
2026-08-30 16:00,64,62,58,52,43,42,58.9,43.42
2026-08-30 17:00,64,62,58,52,43,42,58.9,51.3
2026-08-30 18:00,64,62,58,52,43,42,58.9,55.94
2026-08-30 19:00,64,62,58,52,43,42,58.9,60.67
2026-08-30 20:00,64,62,58,52,43,42,58.8,65.04
2026-08-30 21:00,64,62,58,52,43,42,58.8,66.42
2026-08-30 22:00,64,62,58,52,43,42,58.8,70.59
2026-08-30 23:00,64,62,58,52,43,42,58.8,72.14
2026-08-31 00:00,64,62,58,52,43,42,58.8,73.57
2026-08-31 01:00,64,62,58,52,43,42,58.7,72.51
2026-08-31 02:00,64,62,58,52,43,42,58.7,71.74
2026-08-31 03:00,64,62,58,52,43,42,58.7,70.5
2026-08-31 04:00,64,62,58,52,43,42,58.7,65.13
2026-08-31 05:00,64,62,58,52,43,42,58.7,63.02
2026-08-31 06:00,64,62,58,52,43,42,58.7,59.0
2026-08-31 07:00,64,62,58,52,43,42,58.7,54.72
2026-08-31 08:00,64,62,58,52,43,42,58.7,51.82
2026-08-31 09:00,64,62,58,52,43,42,58.7,49.34
2026-08-31 10:00,64,62,58,52,43,42,58.6,47.5
2026-08-31 11:00,64,62,58,52,43,42,58.6,46.29
2026-08-31 12:00,64,62,58,52,43,42,58.6,45.11
2026-08-31 13:00,64,62,58,52,43,42,58.6,42.17
2026-08-31 14:00,64,62,58,52,43,42,58.6,42.36
2026-08-31 15:00,64,62,58,52,43,42,58.6,43.25
2026-08-31 16:00,64,62,58,52,43,42,58.6,49.35
2026-08-31 17:00,64,62,58,52,43,42,58.6,56.13
2026-08-31 18:00,64,62,58,52,43,42,58.5,65.82
2026-08-31 19:00,64,62,58,52,43,42,58.5,69.3
2026-08-31 20:00,64,62,58,52,43,42,58.5,71.51
2026-08-31 21:00,64,62,58,52,43,42,58.5,75.87
2026-08-31 22:00,64,62,58,52,43,42,58.5,78.44
2026-08-31 23:00,64,62,58,52,43,42,58.4,80.2
2026-09-01 00:00,64,62,58,52,43,42,58.4,81.4
2026-09-01 01:00,64,62,58,52,43,42,58.4,79.53
2026-09-01 02:00,64,62,58,52,43,42,58.4,76.54
2026-09-01 03:00,64,62,58,52,43,42,58.4,75.68
2026-09-01 04:00,64,62,58,52,43,42,58.4,71.61
2026-09-01 05:00,64,62,58,52,43,42,58.4,68.17
2026-09-01 06:00,64,62,58,52,43,42,58.4,64.97
2026-09-01 07:00,64,62,58,52,43,42,58.4,62.92
2026-09-01 08:00,64,62,58,52,43,42,58.4,59.8
2026-09-01 09:00,64,62,58,52,43,42,58.4,57.26
2026-09-01 10:00,64,62,58,52,43,42,58.4,54.22
2026-09-01 11:00,64,62,58,52,43,42,58.4,52.4
2026-09-01 12:00,64,62,58,52,43,42,58.4,50.78
2026-09-01 13:00,64,62,58,52,43,42,58.3,51.33
2026-09-01 14:00,64,62,58,52,43,42,58.3,53.6
2026-09-01 15:00,64,62,58,52,43,42,58.3,52.65
2026-09-01 16:00,64,62,58,52,43,42,58.3,54.31
2026-09-01 17:00,64,62,58,52,43,42,58.3,59.08
2026-09-01 18:00,64,62,58,52,43,42,58.3,65.28
2026-09-01 19:00,64,62,58,52,43,42,58.3,70.73
2026-09-01 20:00,64,62,58,52,43,42,58.3,73.33
2026-09-01 21:00,64,62,58,52,43,42,58.3,74.87
2026-09-01 22:00,64,62,58,52,43,42,58.3,75.92
2026-09-01 23:00,64,62,58,52,43,42,58.3,72.84
2026-09-02 00:00,64,62,58,52,43,42,58.2,73.3
2026-09-02 01:00,64,62,58,52,43,42,58.2,69.85
2026-09-02 02:00,64,62,58,52,43,42,58.2,67.91
2026-09-02 03:00,64,62,58,52,43,42,58.2,66.32
2026-09-02 04:00,64,62,58,52,43,42,58.2,63.2
2026-09-02 05:00,64,62,58,52,43,42,58.2,60.16
2026-09-02 06:00,64,62,58,52,43,42,58.2,56.84
2026-09-02 07:00,64,62,58,52,43,42,58.2,55.06
2026-09-02 08:00,64,62,58,52,43,42,58.2,53.21
2026-09-02 09:00,64,62,58,52,43,42,58.2,52.7
2026-09-02 10:00,64,62,58,52,43,42,58.2,50.3
2026-09-02 11:00,64,62,58,52,43,42,58.2,49.52
2026-09-02 12:00,64,62,58,52,43,42,58.2,51.34
2026-09-02 13:00,64,62,58,52,43,42,58.2,53.32
2026-09-02 14:00,64,62,58,52,43,42,58.2,52.8
2026-09-02 15:00,64,62,58,52,43,42,58.2,52.77
2026-09-02 16:00,64,62,58,52,43,42,58.2,53.73
2026-09-02 17:00,64,62,58,52,43,42,58.2,55.01
2026-09-02 18:00,64,62,58,52,43,42,58.1,55.99
2026-09-02 19:00,64,62,58,52,43,42,58.1,57.55
2026-09-02 20:00,64,62,58,52,43,42,58.1,53.07
2026-09-02 21:00,64,62,58,52,43,42,58.1,50.6
2026-09-02 22:00,64,62,58,52,43,42,58.1,52.24
