Date,CFS @ Head of Park, Surf-Time!! Be very light on your feet,Skimboards or short fins! , AWESOME Wave Time
2024-01-13 12:15,222.27,650,550,800
2024-01-13 12:30,222.27,650,550,800
2024-01-13 12:45,222.27,650,550,800
2024-01-13 13:00,222.27,650,550,800
2024-01-13 13:15,222.27,650,550,800
2024-01-13 13:30,222.27,650,550,800
2024-01-13 13:45,222.27,650,550,800
2024-01-13 14:00,222.27,650,550,800
2024-01-13 14:15,222.27,650,550,800
2024-01-13 14:30,222.27,650,550,800
2024-01-13 14:45,222.27,650,550,800
2024-01-13 15:00,222.27,650,550,800
2024-01-13 15:15,222.27,650,550,800
2024-01-13 15:30,222.27,650,550,800
2024-01-13 15:45,222.27,650,550,800
2024-01-13 16:00,222.27,650,550,800
2024-01-13 16:15,222.27,650,550,800
2024-01-13 16:30,222.27,650,550,800
2024-01-13 16:45,222.27,650,550,800
2024-01-13 17:00,222.27,650,550,800
2024-01-13 17:15,222.27,650,550,800
2024-01-13 17:30,222.27,650,550,800
2024-01-13 17:45,222.27,650,550,800
2024-01-13 18:00,222.27,650,550,800
2024-01-13 18:15,222.27,650,550,800
2024-01-13 18:30,222.27,650,550,800
2024-01-13 18:45,222.27,650,550,800
2024-01-13 19:00,222.27,650,550,800
2024-01-13 19:15,222.27,650,550,800
2024-01-13 19:30,222.27,650,550,800
2024-01-13 19:45,222.27,650,550,800
2024-01-13 20:00,222.27,650,550,800
2024-01-13 20:15,222.27,650,550,800
2024-01-13 20:30,222.27,650,550,800
2024-01-13 20:45,222.27,650,550,800
2024-01-13 21:00,222.27,650,550,800
2024-01-13 21:15,222.27,650,550,800
2024-01-13 21:30,222.27,650,550,800
2024-01-13 21:45,222.27,650,550,800
2024-01-13 22:00,222.27,650,550,800
2024-01-13 22:15,222.27,650,550,800
2024-01-13 22:30,222.27,650,550,800
2024-01-13 22:45,222.27,650,550,800
2024-01-13 23:00,222.27,650,550,800
2024-01-13 23:15,222.27,650,550,800
2024-01-13 23:30,222.27,650,550,800
2024-01-13 23:45,222.27,650,550,800
2024-01-14 00:00,222.27,650,550,800
2024-01-14 00:15,222.27,650,550,800
2024-01-14 00:30,222.27,650,550,800
2024-01-14 00:45,222.27,650,550,800
2024-01-14 01:00,222.27,650,550,800
2024-01-14 01:15,222.27,650,550,800
2024-01-14 01:30,222.27,650,550,800
2024-01-14 01:45,222.27,650,550,800
2024-01-14 02:00,222.27,650,550,800
2024-01-14 02:15,222.27,650,550,800
2024-01-14 02:30,222.27,650,550,800
2024-01-14 02:45,222.27,650,550,800
2024-01-14 03:00,222.27,650,550,800
2024-01-14 03:15,222.27,650,550,800
2024-01-14 03:30,222.27,650,550,800
2024-01-14 03:45,222.27,650,550,800
2024-01-14 04:00,222.27,650,550,800
2024-01-14 04:15,222.27,650,550,800
2024-01-14 04:30,222.27,650,550,800
2024-01-14 04:45,222.27,650,550,800
2024-01-14 05:00,222.27,650,550,800
2024-01-14 05:15,222.27,650,550,800
2024-01-14 05:30,222.27,650,550,800
2024-01-14 05:45,222.27,650,550,800
2024-01-14 06:00,222.27,650,550,800
2024-01-14 06:15,222.27,650,550,800
2024-01-14 06:30,227.85,650,550,800
2024-01-14 06:45,229.71,650,550,800
2024-01-14 07:00,232.5,650,550,800
2024-01-14 07:15,235.29,650,550,800
2024-01-14 07:30,238.08,650,550,800
2024-01-14 07:45,240.87,650,550,800
2024-01-14 08:00,243.66,650,550,800
2024-01-14 08:15,246.45,650,550,800
2024-01-14 08:30,246.45,650,550,800
2024-01-14 08:45,248.31,650,550,800
2024-01-14 09:00,251.1,650,550,800
2024-01-14 09:15,253.89,650,550,800
2024-01-14 09:30,253.89,650,550,800
2024-01-14 09:45,256.68,650,550,800
2024-01-14 10:00,259.47,650,550,800
2024-01-14 10:15,262.26,650,550,800
2024-01-14 10:30,262.26,650,550,800
2024-01-14 10:45,265.05,650,550,800
2024-01-14 11:00,265.05,650,550,800
2024-01-14 11:15,265.05,650,550,800
2024-01-14 11:30,265.05,650,550,800
2024-01-14 11:45,265.05,650,550,800
2024-01-14 12:00,265.05,650,550,800
2024-01-14 12:15,267.84,650,550,800
2024-01-14 12:30,267.84,650,550,800
2024-01-14 12:45,270.63,650,550,800
2024-01-14 13:00,273.42,650,550,800
2024-01-14 13:15,276.21,650,550,800
2024-01-14 13:30,279.0,650,550,800
2024-01-14 13:45,281.79,650,550,800
2024-01-14 14:00,284.58,650,550,800
2024-01-14 14:15,287.37,650,550,800
2024-01-14 14:30,290.16,650,550,800
2024-01-14 14:45,292.95,650,550,800
2024-01-14 15:00,295.74,650,550,800
2024-01-14 15:15,299.46,650,550,800
2024-01-14 15:30,302.25,650,550,800
2024-01-14 15:45,302.25,650,550,800
2024-01-14 16:00,305.04,650,550,800
2024-01-14 16:15,305.04,650,550,800
2024-01-14 16:30,307.83,650,550,800
2024-01-14 16:45,307.83,650,550,800
2024-01-14 17:00,307.83,650,550,800
2024-01-14 17:15,310.62,650,550,800
2024-01-14 17:30,310.62,650,550,800
2024-01-14 17:45,310.62,650,550,800
2024-01-14 18:00,310.62,650,550,800
2024-01-14 18:15,310.62,650,550,800
2024-01-14 18:30,310.62,650,550,800
2024-01-14 18:45,310.62,650,550,800
2024-01-14 19:00,310.62,650,550,800
2024-01-14 19:15,310.62,650,550,800
2024-01-14 19:30,310.62,650,550,800
2024-01-14 19:45,310.62,650,550,800
2024-01-14 20:00,313.41,650,550,800
2024-01-14 20:15,313.41,650,550,800
2024-01-14 20:30,313.41,650,550,800
2024-01-14 20:45,317.13,650,550,800
2024-01-14 21:00,317.13,650,550,800
2024-01-14 21:15,317.13,650,550,800
2024-01-14 21:30,319.92,650,550,800
2024-01-14 21:45,319.92,650,550,800
2024-01-14 22:00,319.92,650,550,800
2024-01-14 22:15,319.92,650,550,800
2024-01-14 22:30,322.71,650,550,800
2024-01-14 22:45,322.71,650,550,800
2024-01-14 23:00,322.71,650,550,800
2024-01-14 23:15,322.71,650,550,800
2024-01-14 23:30,322.71,650,550,800
2024-01-14 23:45,325.5,650,550,800
2024-01-15 00:00,325.5,650,550,800
2024-01-15 00:15,325.5,650,550,800
2024-01-15 00:30,325.5,650,550,800
2024-01-15 00:45,325.5,650,550,800
2024-01-15 01:00,328.29,650,550,800
2024-01-15 01:15,328.29,650,550,800
2024-01-15 01:30,328.29,650,550,800
2024-01-15 01:45,328.29,650,550,800
2024-01-15 02:00,332.01,650,550,800
2024-01-15 02:15,332.01,650,550,800
2024-01-15 02:30,334.8,650,550,800
2024-01-15 02:45,334.8,650,550,800
2024-01-15 03:00,334.8,650,550,800
2024-01-15 03:15,337.59,650,550,800
2024-01-15 03:30,337.59,650,550,800
2024-01-15 03:45,341.31,650,550,800
2024-01-15 04:00,341.31,650,550,800
2024-01-15 04:15,344.1,650,550,800
2024-01-15 04:30,346.89,650,550,800
2024-01-15 04:45,346.89,650,550,800
2024-01-15 05:00,349.68,650,550,800
2024-01-15 05:15,353.4,650,550,800
2024-01-15 05:30,356.19,650,550,800
2024-01-15 05:45,359.91,650,550,800
2024-01-15 06:00,362.7,650,550,800
2024-01-15 06:15,365.49,650,550,800
2024-01-15 06:30,369.21,650,550,800
2024-01-15 06:45,372.0,650,550,800
2024-01-15 07:00,375.72,650,550,800
2024-01-15 07:15,378.51,650,550,800
2024-01-15 07:30,381.3,650,550,800
2024-01-15 07:45,387.81,650,550,800
2024-01-15 08:00,391.53,650,550,800
2024-01-15 08:15,394.32,650,550,800
2024-01-15 08:30,398.04,650,550,800
2024-01-15 08:45,400.83,650,550,800
2024-01-15 09:00,408.27,650,550,800
2024-01-15 09:15,411.06,650,550,800
2024-01-15 09:30,414.78,650,550,800
2024-01-15 09:45,417.57,650,550,800
2024-01-15 10:00,421.29,650,550,800
2024-01-15 10:15,424.08,650,550,800
2024-01-15 10:30,427.8,650,550,800
2024-01-15 10:45,431.52,650,550,800
2024-01-15 11:00,434.31,650,550,800
2024-01-15 11:15,438.03,650,550,800
2024-01-15 11:30,438.03,650,550,800
2024-01-15 11:45,441.75,650,550,800
2024-01-15 12:00,441.75,650,550,800
2024-01-15 12:15,444.54,650,550,800
2024-01-15 12:30,448.26,650,550,800
2024-01-15 12:45,448.26,650,550,800
2024-01-15 13:00,451.98,650,550,800
2024-01-15 13:15,455.7,650,550,800
2024-01-15 13:30,455.7,650,550,800
2024-01-15 13:45,458.49,650,550,800
2024-01-15 14:00,462.21,650,550,800
2024-01-15 14:15,462.21,650,550,800
2024-01-15 14:30,462.21,650,550,800
2024-01-15 14:45,465.0,650,550,800
2024-01-15 15:00,465.0,650,550,800
2024-01-15 15:15,467.79,650,550,800
2024-01-15 15:30,467.79,650,550,800
2024-01-15 15:45,470.58,650,550,800
2024-01-15 16:00,470.58,650,550,800
2024-01-15 16:15,473.37,650,550,800
2024-01-15 16:30,473.37,650,550,800
2024-01-15 16:45,476.16,650,550,800
2024-01-15 17:00,479.88,650,550,800
2024-01-15 17:15,479.88,650,550,800
2024-01-15 17:30,482.67,650,550,800
2024-01-15 17:45,485.46,650,550,800
2024-01-15 18:00,485.46,650,550,800
2024-01-15 18:15,488.25,650,550,800
2024-01-15 18:30,491.04,650,550,800
2024-01-15 18:45,491.04,650,550,800
2024-01-15 19:00,493.83,650,550,800
2024-01-15 19:15,493.83,650,550,800
2024-01-15 19:30,496.62,650,550,800
2024-01-15 19:45,493.83,650,550,800
2024-01-15 20:00,493.83,650,550,800
2024-01-15 20:15,496.62,650,550,800
2024-01-15 20:30,496.62,650,550,800
2024-01-15 20:45,496.62,650,550,800
2024-01-15 21:00,500.34,650,550,800
2024-01-15 21:15,500.34,650,550,800
2024-01-15 21:30,500.34,650,550,800
2024-01-15 21:45,500.34,650,550,800
2024-01-15 22:00,500.34,650,550,800
2024-01-15 22:15,503.13,650,550,800
2024-01-15 22:30,500.34,650,550,800
2024-01-15 22:45,500.34,650,550,800
2024-01-15 23:00,500.34,650,550,800
2024-01-15 23:15,500.34,650,550,800
2024-01-15 23:30,500.34,650,550,800
2024-01-15 23:45,500.34,650,550,800
2024-01-16 00:00,500.34,650,550,800
2024-01-16 00:15,500.34,650,550,800
2024-01-16 00:30,500.34,650,550,800
2024-01-16 00:45,500.34,650,550,800
2024-01-16 01:00,496.62,650,550,800
2024-01-16 01:15,496.62,650,550,800
2024-01-16 01:30,493.83,650,550,800
2024-01-16 01:45,493.83,650,550,800
2024-01-16 02:00,493.83,650,550,800
2024-01-16 02:15,491.04,650,550,800
2024-01-16 02:30,491.04,650,550,800
2024-01-16 02:45,491.04,650,550,800
2024-01-16 03:00,488.25,650,550,800
2024-01-16 03:15,488.25,650,550,800
2024-01-16 03:30,488.25,650,550,800
2024-01-16 03:45,488.25,650,550,800
2024-01-16 04:00,485.46,650,550,800
2024-01-16 04:15,485.46,650,550,800
2024-01-16 04:30,482.67,650,550,800
2024-01-16 04:45,482.67,650,550,800
2024-01-16 05:00,482.67,650,550,800
2024-01-16 05:15,479.88,650,550,800
2024-01-16 05:30,479.88,650,550,800
2024-01-16 05:45,479.88,650,550,800
2024-01-16 06:00,476.16,650,550,800
2024-01-16 06:15,476.16,650,550,800
2024-01-16 06:30,473.37,650,550,800
2024-01-16 06:45,476.16,650,550,800
2024-01-16 07:00,473.37,650,550,800
2024-01-16 07:15,473.37,650,550,800
2024-01-16 07:30,470.58,650,550,800
2024-01-16 07:45,470.58,650,550,800
2024-01-16 08:00,470.58,650,550,800
2024-01-16 08:15,470.58,650,550,800
2024-01-16 08:30,470.58,650,550,800
2024-01-16 08:45,470.58,650,550,800
2024-01-16 09:00,467.79,650,550,800
2024-01-16 09:15,467.79,650,550,800
2024-01-16 09:30,465.0,650,550,800
2024-01-16 09:45,465.0,650,550,800
2024-01-16 10:00,465.0,650,550,800
2024-01-16 10:15,465.0,650,550,800
2024-01-16 10:30,465.0,650,550,800
2024-01-16 10:45,465.0,650,550,800
2024-01-16 11:00,462.21,650,550,800
2024-01-16 11:15,462.21,650,550,800
2024-01-16 11:30,462.21,650,550,800
2024-01-16 11:45,462.21,650,550,800
2024-01-16 12:00,458.49,650,550,800
2024-01-16 12:15,458.49,650,550,800
2024-01-16 12:30,458.49,650,550,800
2024-01-16 12:45,458.49,650,550,800
2024-01-16 13:00,455.7,650,550,800
2024-01-16 13:15,455.7,650,550,800
2024-01-16 13:30,455.7,650,550,800
2024-01-16 13:45,455.7,650,550,800
2024-01-16 14:00,455.7,650,550,800
2024-01-16 14:15,455.7,650,550,800
2024-01-16 14:30,455.7,650,550,800
2024-01-16 14:45,455.7,650,550,800
2024-01-16 15:00,455.7,650,550,800
2024-01-16 15:15,455.7,650,550,800
2024-01-16 15:30,455.7,650,550,800
2024-01-16 15:45,455.7,650,550,800
2024-01-16 16:00,455.7,650,550,800
2024-01-16 16:15,455.7,650,550,800
2024-01-16 16:30,455.7,650,550,800
2024-01-16 16:45,455.7,650,550,800
2024-01-16 17:00,455.7,650,550,800
2024-01-16 17:15,455.7,650,550,800
2024-01-16 17:30,455.7,650,550,800
2024-01-16 17:45,455.7,650,550,800
2024-01-16 18:00,455.7,650,550,800
2024-01-16 18:15,455.7,650,550,800
2024-01-16 18:30,455.7,650,550,800
2024-01-16 18:45,455.7,650,550,800
2024-01-16 19:00,455.7,650,550,800
2024-01-16 19:15,455.7,650,550,800
2024-01-16 19:30,455.7,650,550,800
2024-01-16 19:45,455.7,650,550,800
2024-01-16 20:00,455.7,650,550,800
2024-01-16 20:15,455.7,650,550,800
2024-01-16 20:30,451.98,650,550,800
2024-01-16 20:45,451.98,650,550,800
2024-01-16 21:00,451.98,650,550,800
2024-01-16 21:15,451.98,650,550,800
2024-01-16 21:30,451.98,650,550,800
2024-01-16 21:45,451.98,650,550,800
2024-01-16 22:00,448.26,650,550,800
2024-01-16 22:15,448.26,650,550,800
2024-01-16 22:30,448.26,650,550,800
2024-01-16 22:45,448.26,650,550,800
2024-01-16 23:00,448.26,650,550,800
2024-01-16 23:15,448.26,650,550,800
2024-01-16 23:30,444.54,650,550,800
2024-01-16 23:45,444.54,650,550,800
2024-01-17 00:00,444.54,650,550,800
2024-01-17 00:15,444.54,650,550,800
2024-01-17 00:30,444.54,650,550,800
2024-01-17 00:45,444.54,650,550,800
2024-01-17 01:00,444.54,650,550,800
2024-01-17 01:15,444.54,650,550,800
2024-01-17 01:30,444.54,650,550,800
2024-01-17 01:45,444.54,650,550,800
2024-01-17 02:00,441.75,650,550,800
2024-01-17 02:15,441.75,650,550,800
2024-01-17 02:30,441.75,650,550,800
2024-01-17 02:45,444.54,650,550,800
2024-01-17 03:00,444.54,650,550,800
2024-01-17 03:15,441.75,650,550,800
2024-01-17 03:30,441.75,650,550,800
2024-01-17 03:45,441.75,650,550,800
2024-01-17 04:00,441.75,650,550,800
2024-01-17 04:15,441.75,650,550,800
2024-01-17 04:30,438.03,650,550,800
2024-01-17 04:45,438.03,650,550,800
2024-01-17 05:00,438.03,650,550,800
2024-01-17 05:15,438.03,650,550,800
2024-01-17 05:30,434.31,650,550,800
2024-01-17 05:45,434.31,650,550,800
2024-01-17 06:00,434.31,650,550,800
2024-01-17 06:15,434.31,650,550,800
2024-01-17 06:30,434.31,650,550,800
2024-01-17 06:45,434.31,650,550,800
2024-01-17 07:00,434.31,650,550,800
2024-01-17 07:15,434.31,650,550,800
2024-01-17 07:30,434.31,650,550,800
2024-01-17 07:45,434.31,650,550,800
2024-01-17 08:00,434.31,650,550,800
2024-01-17 08:15,434.31,650,550,800
2024-01-17 08:30,431.52,650,550,800
2024-01-17 08:45,431.52,650,550,800
2024-01-17 09:00,431.52,650,550,800
2024-01-17 09:15,431.52,650,550,800
2024-01-17 09:30,431.52,650,550,800
2024-01-17 09:45,431.52,650,550,800
2024-01-17 10:00,431.52,650,550,800
2024-01-17 10:15,431.52,650,550,800
2024-01-17 10:30,431.52,650,550,800
2024-01-17 10:45,434.31,650,550,800
2024-01-17 11:00,434.31,650,550,800
2024-01-17 11:15,431.52,650,550,800
2024-01-17 11:30,431.52,650,550,800
2024-01-17 11:45,431.52,650,550,800
2024-01-17 12:00,431.52,650,550,800
2024-01-17 12:15,431.52,650,550,800
2024-01-17 12:30,434.31,650,550,800
2024-01-17 12:45,434.31,650,550,800
2024-01-17 13:00,434.31,650,550,800
2024-01-17 13:15,434.31,650,550,800
2024-01-17 13:30,434.31,650,550,800
2024-01-17 13:45,434.31,650,550,800
2024-01-17 14:00,431.52,650,550,800
2024-01-17 14:15,431.52,650,550,800
2024-01-17 14:30,431.52,650,550,800
2024-01-17 14:45,431.52,650,550,800
2024-01-17 15:00,431.52,650,550,800
2024-01-17 15:15,434.31,650,550,800
2024-01-17 15:30,431.52,650,550,800
2024-01-17 15:45,431.52,650,550,800
2024-01-17 16:00,434.31,650,550,800
2024-01-17 16:15,431.52,650,550,800
2024-01-17 16:30,431.52,650,550,800
2024-01-17 16:45,427.8,650,550,800
2024-01-17 17:00,427.8,650,550,800
2024-01-17 17:15,427.8,650,550,800
2024-01-17 17:30,427.8,650,550,800
2024-01-17 17:45,424.08,650,550,800
2024-01-17 18:00,424.08,650,550,800
2024-01-17 18:15,424.08,650,550,800
2024-01-17 18:30,427.8,650,550,800
2024-01-17 18:45,427.8,650,550,800
2024-01-17 19:00,427.8,650,550,800
2024-01-17 19:15,427.8,650,550,800
2024-01-17 19:30,427.8,650,550,800
2024-01-17 19:45,427.8,650,550,800
2024-01-17 20:00,427.8,650,550,800
2024-01-17 20:15,427.8,650,550,800
2024-01-17 20:30,427.8,650,550,800
2024-01-17 20:45,431.52,650,550,800
2024-01-17 21:00,434.31,650,550,800
2024-01-17 21:15,438.03,650,550,800
2024-01-17 21:30,434.31,650,550,800
2024-01-17 21:45,434.31,650,550,800
2024-01-17 22:00,431.52,650,550,800
2024-01-17 22:15,431.52,650,550,800
2024-01-17 22:30,431.52,650,550,800
2024-01-17 22:45,431.52,650,550,800
2024-01-17 23:00,431.52,650,550,800
2024-01-17 23:15,431.52,650,550,800
2024-01-17 23:30,431.52,650,550,800
2024-01-17 23:45,431.52,650,550,800
2024-01-18 00:00,431.52,650,550,800
2024-01-18 00:15,431.52,650,550,800
2024-01-18 00:30,431.52,650,550,800
2024-01-18 00:45,434.31,650,550,800
2024-01-18 01:00,434.31,650,550,800
2024-01-18 01:15,431.52,650,550,800
2024-01-18 01:30,434.31,650,550,800
2024-01-18 01:45,434.31,650,550,800
2024-01-18 02:00,434.31,650,550,800
2024-01-18 02:15,434.31,650,550,800
2024-01-18 02:30,434.31,650,550,800
2024-01-18 02:45,434.31,650,550,800
2024-01-18 03:00,434.31,650,550,800
2024-01-18 03:15,434.31,650,550,800
2024-01-18 03:30,434.31,650,550,800
2024-01-18 03:45,434.31,650,550,800
2024-01-18 04:00,434.31,650,550,800
2024-01-18 04:15,434.31,650,550,800
2024-01-18 04:30,434.31,650,550,800
2024-01-18 04:45,434.31,650,550,800
2024-01-18 05:00,438.03,650,550,800
2024-01-18 05:15,438.03,650,550,800
2024-01-18 05:30,438.03,650,550,800
2024-01-18 05:45,438.03,650,550,800
2024-01-18 06:00,438.03,650,550,800
2024-01-18 06:15,438.03,650,550,800
2024-01-18 06:30,438.03,650,550,800
2024-01-18 06:45,438.03,650,550,800
2024-01-18 07:00,438.03,650,550,800
2024-01-18 07:15,438.03,650,550,800
2024-01-18 07:30,438.03,650,550,800
2024-01-18 07:45,438.03,650,550,800
2024-01-18 08:00,438.03,650,550,800
2024-01-18 08:15,438.03,650,550,800
2024-01-18 08:30,441.75,650,550,800
2024-01-18 08:45,441.75,650,550,800
2024-01-18 09:00,438.03,650,550,800
2024-01-18 09:15,441.75,650,550,800
2024-01-18 09:30,441.75,650,550,800
2024-01-18 09:45,441.75,650,550,800
2024-01-18 10:00,441.75,650,550,800
2024-01-18 10:15,441.75,650,550,800
2024-01-18 10:30,441.75,650,550,800
2024-01-18 10:45,441.75,650,550,800
2024-01-18 11:00,441.75,650,550,800
2024-01-18 11:15,441.75,650,550,800
2024-01-18 11:30,441.75,650,550,800
2024-01-18 11:45,441.75,650,550,800
2024-01-18 12:00,444.54,650,550,800
2024-01-18 12:15,444.54,650,550,800
2024-01-18 12:30,444.54,650,550,800
2024-01-18 12:45,444.54,650,550,800
2024-01-18 13:00,444.54,650,550,800
2024-01-18 13:15,444.54,650,550,800
2024-01-18 13:30,444.54,650,550,800
2024-01-18 13:45,444.54,650,550,800
2024-01-18 14:00,448.26,650,550,800
2024-01-18 14:15,444.54,650,550,800
2024-01-18 14:30,448.26,650,550,800
2024-01-18 14:45,448.26,650,550,800
2024-01-18 15:00,448.26,650,550,800
2024-01-18 15:15,448.26,650,550,800
2024-01-18 15:30,448.26,650,550,800
2024-01-18 15:45,448.26,650,550,800
2024-01-18 16:00,448.26,650,550,800
2024-01-18 16:15,451.98,650,550,800
2024-01-18 16:30,451.98,650,550,800
2024-01-18 16:45,451.98,650,550,800
2024-01-18 17:00,451.98,650,550,800
2024-01-18 17:15,451.98,650,550,800
2024-01-18 17:30,451.98,650,550,800
2024-01-18 17:45,451.98,650,550,800
2024-01-18 18:00,455.7,650,550,800
2024-01-18 18:15,455.7,650,550,800
2024-01-18 18:30,455.7,650,550,800
2024-01-18 18:45,455.7,650,550,800
2024-01-18 19:00,455.7,650,550,800
2024-01-18 19:15,455.7,650,550,800
2024-01-18 19:30,455.7,650,550,800
2024-01-18 19:45,455.7,650,550,800
2024-01-18 20:00,455.7,650,550,800
2024-01-18 20:15,455.7,650,550,800
2024-01-18 20:30,455.7,650,550,800
2024-01-18 20:45,455.7,650,550,800
2024-01-18 21:00,458.49,650,550,800
2024-01-18 21:15,458.49,650,550,800
2024-01-18 21:30,458.49,650,550,800
2024-01-18 21:45,458.49,650,550,800
2024-01-18 22:00,458.49,650,550,800
2024-01-18 22:15,458.49,650,550,800
2024-01-18 22:30,458.49,650,550,800
2024-01-18 22:45,455.7,650,550,800
2024-01-18 23:00,458.49,650,550,800
2024-01-18 23:15,458.49,650,550,800
2024-01-18 23:30,458.49,650,550,800
2024-01-18 23:45,458.49,650,550,800
2024-01-19 00:00,458.49,650,550,800
2024-01-19 00:15,458.49,650,550,800
2024-01-19 00:30,458.49,650,550,800
2024-01-19 00:45,458.49,650,550,800
2024-01-19 01:00,458.49,650,550,800
2024-01-19 01:15,458.49,650,550,800
2024-01-19 01:30,458.49,650,550,800
2024-01-19 01:45,458.49,650,550,800
2024-01-19 02:00,458.49,650,550,800
2024-01-19 02:15,458.49,650,550,800
2024-01-19 02:30,458.49,650,550,800
2024-01-19 02:45,458.49,650,550,800
2024-01-19 03:00,458.49,650,550,800
2024-01-19 03:15,458.49,650,550,800
2024-01-19 03:30,458.49,650,550,800
2024-01-19 03:45,458.49,650,550,800
2024-01-19 04:00,458.49,650,550,800
2024-01-19 04:15,458.49,650,550,800
2024-01-19 04:30,458.49,650,550,800
2024-01-19 04:45,458.49,650,550,800
2024-01-19 05:00,458.49,650,550,800
2024-01-19 05:15,458.49,650,550,800
2024-01-19 05:30,458.49,650,550,800
2024-01-19 05:45,458.49,650,550,800
2024-01-19 06:00,458.49,650,550,800
2024-01-19 06:15,458.49,650,550,800
2024-01-19 06:30,458.49,650,550,800
2024-01-19 06:45,458.49,650,550,800
2024-01-19 07:00,458.49,650,550,800
2024-01-19 07:15,458.49,650,550,800
2024-01-19 07:30,458.49,650,550,800
2024-01-19 07:45,458.49,650,550,800
2024-01-19 08:00,458.49,650,550,800
2024-01-19 08:15,458.49,650,550,800
2024-01-19 08:30,458.49,650,550,800
2024-01-19 08:45,458.49,650,550,800
2024-01-19 09:00,458.49,650,550,800
2024-01-19 09:15,458.49,650,550,800
2024-01-19 09:30,458.49,650,550,800
2024-01-19 09:45,458.49,650,550,800
2024-01-19 10:00,458.49,650,550,800
2024-01-19 10:15,458.49,650,550,800
2024-01-19 10:30,455.7,650,550,800
2024-01-19 10:45,455.7,650,550,800
2024-01-19 11:00,455.7,650,550,800
2024-01-19 11:15,458.49,650,550,800
2024-01-19 11:30,458.49,650,550,800
2024-01-19 11:45,455.7,650,550,800
2024-01-19 12:00,455.7,650,550,800
2024-01-19 12:15,455.7,650,550,800
2024-01-19 12:30,455.7,650,550,800
2024-01-19 12:45,455.7,650,550,800
2024-01-19 13:00,455.7,650,550,800
2024-01-19 13:15,455.7,650,550,800
2024-01-19 13:30,455.7,650,550,800
2024-01-19 13:45,455.7,650,550,800
2024-01-19 14:00,455.7,650,550,800
2024-01-19 14:15,451.98,650,550,800
2024-01-19 14:30,455.7,650,550,800
2024-01-19 14:45,451.98,650,550,800
2024-01-19 15:00,451.98,650,550,800
2024-01-19 15:15,451.98,650,550,800
2024-01-19 15:30,451.98,650,550,800
2024-01-19 15:45,451.98,650,550,800
2024-01-19 16:00,451.98,650,550,800
2024-01-19 16:15,451.98,650,550,800
2024-01-19 16:30,451.98,650,550,800
2024-01-19 16:45,451.98,650,550,800
2024-01-19 17:00,451.98,650,550,800
2024-01-19 17:15,451.98,650,550,800
2024-01-19 17:30,451.98,650,550,800
2024-01-19 17:45,451.98,650,550,800
2024-01-19 18:00,451.98,650,550,800
2024-01-19 18:15,451.98,650,550,800
2024-01-19 18:30,451.98,650,550,800
2024-01-19 18:45,451.98,650,550,800
2024-01-19 19:00,451.98,650,550,800
2024-01-19 19:15,451.98,650,550,800
2024-01-19 19:30,451.98,650,550,800
2024-01-19 19:45,451.98,650,550,800
2024-01-19 20:00,451.98,650,550,800
2024-01-19 20:15,448.26,650,550,800
2024-01-19 20:30,451.98,650,550,800
2024-01-19 20:45,451.98,650,550,800
2024-01-19 21:00,448.26,650,550,800
2024-01-19 21:15,448.26,650,550,800
2024-01-19 21:30,448.26,650,550,800
2024-01-19 21:45,448.26,650,550,800
2024-01-19 22:00,448.26,650,550,800
2024-01-19 22:15,448.26,650,550,800
2024-01-19 22:30,448.26,650,550,800
2024-01-19 22:45,448.26,650,550,800
2024-01-19 23:00,448.26,650,550,800
2024-01-19 23:15,448.26,650,550,800
2024-01-19 23:30,448.26,650,550,800
2024-01-19 23:45,448.26,650,550,800
2024-01-20 00:00,444.54,650,550,800
2024-01-20 00:15,444.54,650,550,800
2024-01-20 00:30,444.54,650,550,800
2024-01-20 00:45,444.54,650,550,800
2024-01-20 01:00,444.54,650,550,800
2024-01-20 01:15,448.26,650,550,800
2024-01-20 01:30,444.54,650,550,800
2024-01-20 01:45,444.54,650,550,800
2024-01-20 02:00,444.54,650,550,800
2024-01-20 02:15,444.54,650,550,800
2024-01-20 02:30,444.54,650,550,800
2024-01-20 02:45,444.54,650,550,800
2024-01-20 03:00,444.54,650,550,800
2024-01-20 03:15,444.54,650,550,800
2024-01-20 03:30,444.54,650,550,800
2024-01-20 03:45,444.54,650,550,800
2024-01-20 04:00,444.54,650,550,800
2024-01-20 04:15,444.54,650,550,800
2024-01-20 04:30,444.54,650,550,800
2024-01-20 04:45,444.54,650,550,800
2024-01-20 05:00,444.54,650,550,800
2024-01-20 05:15,444.54,650,550,800
2024-01-20 05:30,444.54,650,550,800
2024-01-20 05:45,444.54,650,550,800
2024-01-20 06:00,444.54,650,550,800
2024-01-20 06:15,441.75,650,550,800
2024-01-20 06:30,441.75,650,550,800
2024-01-20 06:45,441.75,650,550,800
2024-01-20 07:00,441.75,650,550,800
2024-01-20 07:15,441.75,650,550,800
2024-01-20 07:30,441.75,650,550,800
2024-01-20 07:45,441.75,650,550,800
2024-01-20 08:00,444.54,650,550,800
2024-01-20 08:15,441.75,650,550,800
2024-01-20 08:30,441.75,650,550,800
2024-01-20 08:45,441.75,650,550,800
2024-01-20 09:00,441.75,650,550,800
2024-01-20 09:15,441.75,650,550,800
2024-01-20 09:30,441.75,650,550,800
2024-01-20 09:45,441.75,650,550,800
2024-01-20 10:00,441.75,650,550,800
2024-01-20 10:15,441.75,650,550,800
2024-01-20 10:30,441.75,650,550,800
2024-01-20 10:45,441.75,650,550,800
2024-01-20 11:00,441.75,650,550,800
2024-01-20 11:15,438.03,650,550,800
2024-01-20 11:30,438.03,650,550,800
2024-01-20 11:45,438.03,650,550,800
2024-01-20 12:00,438.03,650,550,800
2024-01-20 12:15,438.03,650,550,800
2024-01-20 12:30,438.03,650,550,800
2024-01-20 12:45,438.03,650,550,800
2024-01-20 13:00,438.03,650,550,800
2024-01-20 13:15,438.03,650,550,800
2024-01-20 13:30,438.03,650,550,800
2024-01-20 13:45,438.03,650,550,800
2024-01-20 14:00,438.03,650,550,800
2024-01-20 14:15,438.03,650,550,800
2024-01-20 14:30,438.03,650,550,800
2024-01-20 14:45,438.03,650,550,800
2024-01-20 15:00,438.03,650,550,800
2024-01-20 15:15,438.03,650,550,800
2024-01-20 15:30,438.03,650,550,800
2024-01-20 15:45,438.03,650,550,800
2024-01-20 16:00,438.03,650,550,800
2024-01-20 16:15,438.03,650,550,800
2024-01-20 16:30,438.03,650,550,800
2024-01-20 16:45,438.03,650,550,800
2024-01-20 17:00,438.03,650,550,800
2024-01-20 17:15,438.03,650,550,800
2024-01-20 17:30,438.03,650,550,800
2024-01-20 17:45,438.03,650,550,800
2024-01-20 18:00,438.03,650,550,800
2024-01-20 18:15,438.03,650,550,800
2024-01-20 18:30,438.03,650,550,800
2024-01-20 18:45,438.03,650,550,800
2024-01-20 19:00,441.75,650,550,800
2024-01-20 19:15,438.03,650,550,800
2024-01-20 19:30,438.03,650,550,800
2024-01-20 19:45,441.75,650,550,800
2024-01-20 20:00,441.75,650,550,800
2024-01-20 20:15,441.75,650,550,800
2024-01-20 20:30,441.75,650,550,800
2024-01-20 20:45,438.03,650,550,800
2024-01-20 21:00,438.03,650,550,800
2024-01-20 21:15,438.03,650,550,800
2024-01-20 21:30,438.03,650,550,800
2024-01-20 21:45,438.03,650,550,800
2024-01-20 22:00,438.03,650,550,800
2024-01-20 22:15,438.03,650,550,800
2024-01-20 22:30,438.03,650,550,800
2024-01-20 22:45,438.03,650,550,800
2024-01-20 23:00,438.03,650,550,800
2024-01-20 23:15,438.03,650,550,800
2024-01-20 23:30,438.03,650,550,800
2024-01-20 23:45,438.03,650,550,800
2024-01-21 00:00,438.03,650,550,800
2024-01-21 00:15,438.03,650,550,800
2024-01-21 00:30,441.75,650,550,800
2024-01-21 00:45,438.03,650,550,800
2024-01-21 01:00,438.03,650,550,800
2024-01-21 01:15,438.03,650,550,800
2024-01-21 01:30,438.03,650,550,800
2024-01-21 01:45,438.03,650,550,800
2024-01-21 02:00,441.75,650,550,800
2024-01-21 02:15,441.75,650,550,800
2024-01-21 02:30,441.75,650,550,800
2024-01-21 02:45,441.75,650,550,800
2024-01-21 03:00,441.75,650,550,800
2024-01-21 03:15,441.75,650,550,800
2024-01-21 03:30,441.75,650,550,800
2024-01-21 03:45,441.75,650,550,800
2024-01-21 04:00,441.75,650,550,800
2024-01-21 04:15,441.75,650,550,800
2024-01-21 04:30,441.75,650,550,800
2024-01-21 04:45,441.75,650,550,800
2024-01-21 05:00,441.75,650,550,800
2024-01-21 05:15,441.75,650,550,800
2024-01-21 05:30,441.75,650,550,800
2024-01-21 05:45,441.75,650,550,800
2024-01-21 06:00,441.75,650,550,800
2024-01-21 06:15,441.75,650,550,800
2024-01-21 06:30,441.75,650,550,800
2024-01-21 06:45,444.54,650,550,800
2024-01-21 07:00,441.75,650,550,800
2024-01-21 07:15,441.75,650,550,800
2024-01-21 07:30,441.75,650,550,800
2024-01-21 07:45,444.54,650,550,800
2024-01-21 08:00,444.54,650,550,800
2024-01-21 08:15,441.75,650,550,800
2024-01-21 08:30,444.54,650,550,800
2024-01-21 08:45,444.54,650,550,800
2024-01-21 09:00,444.54,650,550,800
2024-01-21 09:15,444.54,650,550,800
2024-01-21 09:30,444.54,650,550,800
2024-01-21 09:45,444.54,650,550,800
2024-01-21 10:00,444.54,650,550,800
2024-01-21 10:15,444.54,650,550,800
2024-01-21 10:30,448.26,650,550,800
2024-01-21 10:45,444.54,650,550,800
2024-01-21 11:00,448.26,650,550,800
2024-01-21 11:15,448.26,650,550,800
2024-01-21 11:30,448.26,650,550,800
2024-01-21 11:45,448.26,650,550,800
2024-01-21 12:00,448.26,650,550,800
2024-01-21 12:15,448.26,650,550,800
2024-01-21 12:30,448.26,650,550,800
2024-01-21 12:45,448.26,650,550,800
2024-01-21 13:00,448.26,650,550,800
2024-01-21 13:15,444.54,650,550,800
2024-01-21 13:30,448.26,650,550,800
2024-01-21 13:45,448.26,650,550,800
2024-01-21 14:00,448.26,650,550,800
2024-01-21 14:15,448.26,650,550,800
2024-01-21 14:30,448.26,650,550,800
2024-01-21 14:45,448.26,650,550,800
2024-01-21 15:00,448.26,650,550,800
2024-01-21 15:15,448.26,650,550,800
2024-01-21 15:30,448.26,650,550,800
2024-01-21 15:45,448.26,650,550,800
2024-01-21 16:00,448.26,650,550,800
2024-01-21 16:15,448.26,650,550,800
2024-01-21 16:30,448.26,650,550,800
2024-01-21 16:45,448.26,650,550,800
2024-01-21 17:00,448.26,650,550,800
2024-01-21 17:15,448.26,650,550,800
2024-01-21 17:30,448.26,650,550,800
2024-01-21 17:45,448.26,650,550,800
2024-01-21 18:00,451.98,650,550,800
2024-01-21 18:15,448.26,650,550,800
2024-01-21 18:30,451.98,650,550,800
2024-01-21 18:45,451.98,650,550,800
2024-01-21 19:00,451.98,650,550,800
2024-01-21 19:15,451.98,650,550,800
2024-01-21 19:30,451.98,650,550,800
2024-01-21 19:45,455.7,650,550,800
2024-01-21 20:00,455.7,650,550,800
2024-01-21 20:15,455.7,650,550,800
2024-01-21 20:30,455.7,650,550,800
2024-01-21 20:45,455.7,650,550,800
2024-01-21 21:00,455.7,650,550,800
2024-01-21 21:15,455.7,650,550,800
2024-01-21 21:30,455.7,650,550,800
2024-01-21 21:45,458.49,650,550,800
2024-01-21 22:00,458.49,650,550,800
2024-01-21 22:15,458.49,650,550,800
2024-01-21 22:30,458.49,650,550,800
2024-01-21 22:45,458.49,650,550,800
2024-01-21 23:00,458.49,650,550,800
2024-01-21 23:15,462.21,650,550,800
2024-01-21 23:30,458.49,650,550,800
2024-01-21 23:45,458.49,650,550,800
2024-01-22 00:00,462.21,650,550,800
2024-01-22 00:15,462.21,650,550,800
2024-01-22 00:30,462.21,650,550,800
2024-01-22 00:45,462.21,650,550,800
2024-01-22 01:00,462.21,650,550,800
2024-01-22 01:15,462.21,650,550,800
2024-01-22 01:30,462.21,650,550,800
2024-01-22 01:45,462.21,650,550,800
2024-01-22 02:00,465.0,650,550,800
2024-01-22 02:15,465.0,650,550,800
2024-01-22 02:30,465.0,650,550,800
2024-01-22 02:45,465.0,650,550,800
2024-01-22 03:00,465.0,650,550,800
2024-01-22 03:15,465.0,650,550,800
2024-01-22 03:30,465.0,650,550,800
2024-01-22 03:45,465.0,650,550,800
2024-01-22 04:00,465.0,650,550,800
2024-01-22 04:15,465.0,650,550,800
2024-01-22 04:30,465.0,650,550,800
2024-01-22 04:45,467.79,650,550,800
2024-01-22 05:00,467.79,650,550,800
2024-01-22 05:15,467.79,650,550,800
2024-01-22 05:30,467.79,650,550,800
2024-01-22 05:45,467.79,650,550,800
2024-01-22 06:00,467.79,650,550,800
2024-01-22 06:15,467.79,650,550,800
2024-01-22 06:30,467.79,650,550,800
2024-01-22 06:45,467.79,650,550,800
2024-01-22 07:00,467.79,650,550,800
2024-01-22 07:15,467.79,650,550,800
2024-01-22 07:30,467.79,650,550,800
2024-01-22 07:45,467.79,650,550,800
2024-01-22 08:00,467.79,650,550,800
2024-01-22 08:15,467.79,650,550,800
2024-01-22 08:30,467.79,650,550,800
2024-01-22 08:45,467.79,650,550,800
2024-01-22 09:00,470.58,650,550,800
2024-01-22 09:15,467.79,650,550,800
2024-01-22 09:30,467.79,650,550,800
2024-01-22 09:45,470.58,650,550,800
2024-01-22 10:00,470.58,650,550,800
2024-01-22 10:15,470.58,650,550,800
2024-01-22 10:30,470.58,650,550,800
2024-01-22 10:45,470.58,650,550,800
2024-01-22 11:00,470.58,650,550,800
2024-01-22 11:15,470.58,650,550,800
2024-01-22 11:30,470.58,650,550,800
2024-01-22 11:45,470.58,650,550,800
2024-01-22 12:00,470.58,650,550,800
2024-01-22 12:15,470.58,650,550,800
2024-01-22 12:30,470.58,650,550,800
2024-01-22 12:45,470.58,650,550,800
2024-01-22 13:00,470.58,650,550,800
2024-01-22 13:15,470.58,650,550,800
2024-01-22 13:30,470.58,650,550,800
2024-01-22 13:45,470.58,650,550,800
2024-01-22 14:00,470.58,650,550,800
2024-01-22 14:15,470.58,650,550,800
2024-01-22 14:30,473.37,650,550,800
2024-01-22 14:45,473.37,650,550,800
2024-01-22 15:00,470.58,650,550,800
2024-01-22 15:15,473.37,650,550,800
2024-01-22 15:30,473.37,650,550,800
2024-01-22 15:45,473.37,650,550,800
2024-01-22 16:00,473.37,650,550,800
2024-01-22 16:15,473.37,650,550,800
2024-01-22 16:30,473.37,650,550,800
2024-01-22 16:45,473.37,650,550,800
2024-01-22 17:00,473.37,650,550,800
2024-01-22 17:15,473.37,650,550,800
2024-01-22 17:30,473.37,650,550,800
2024-01-22 17:45,473.37,650,550,800
2024-01-22 18:00,473.37,650,550,800
2024-01-22 18:15,473.37,650,550,800
2024-01-22 18:30,473.37,650,550,800
2024-01-22 18:45,473.37,650,550,800
2024-01-22 19:00,473.37,650,550,800
2024-01-22 19:15,473.37,650,550,800
2024-01-22 19:30,473.37,650,550,800
2024-01-22 19:45,473.37,650,550,800
2024-01-22 20:00,476.16,650,550,800
2024-01-22 20:15,473.37,650,550,800
2024-01-22 20:30,473.37,650,550,800
2024-01-22 20:45,476.16,650,550,800
2024-01-22 21:00,473.37,650,550,800
2024-01-22 21:15,476.16,650,550,800
2024-01-22 21:30,476.16,650,550,800
2024-01-22 21:45,476.16,650,550,800
2024-01-22 22:00,476.16,650,550,800
2024-01-22 22:15,476.16,650,550,800
2024-01-22 22:30,476.16,650,550,800
2024-01-22 22:45,476.16,650,550,800
2024-01-22 23:00,476.16,650,550,800
2024-01-22 23:15,476.16,650,550,800
2024-01-22 23:30,476.16,650,550,800
2024-01-22 23:45,476.16,650,550,800
2024-01-23 00:00,476.16,650,550,800
2024-01-23 00:15,476.16,650,550,800
2024-01-23 00:30,479.88,650,550,800
2024-01-23 00:45,476.16,650,550,800
2024-01-23 01:00,479.88,650,550,800
2024-01-23 01:15,479.88,650,550,800
2024-01-23 01:30,479.88,650,550,800
2024-01-23 01:45,479.88,650,550,800
2024-01-23 02:00,479.88,650,550,800
2024-01-23 02:15,479.88,650,550,800
2024-01-23 02:30,479.88,650,550,800
2024-01-23 02:45,479.88,650,550,800
2024-01-23 03:00,479.88,650,550,800
2024-01-23 03:15,479.88,650,550,800
2024-01-23 03:30,479.88,650,550,800
2024-01-23 03:45,479.88,650,550,800
2024-01-23 04:00,479.88,650,550,800
2024-01-23 04:15,479.88,650,550,800
2024-01-23 04:30,479.88,650,550,800
2024-01-23 04:45,479.88,650,550,800
2024-01-23 05:00,482.67,650,550,800
2024-01-23 05:15,479.88,650,550,800
2024-01-23 05:30,482.67,650,550,800
2024-01-23 05:45,479.88,650,550,800
2024-01-23 06:00,479.88,650,550,800
2024-01-23 06:15,482.67,650,550,800
2024-01-23 06:30,482.67,650,550,800
2024-01-23 06:45,479.88,650,550,800
2024-01-23 07:00,479.88,650,550,800
2024-01-23 07:15,479.88,650,550,800
2024-01-23 07:30,479.88,650,550,800
2024-01-23 07:45,482.67,650,550,800
2024-01-23 08:00,479.88,650,550,800
2024-01-23 08:15,479.88,650,550,800
2024-01-23 08:30,479.88,650,550,800
2024-01-23 08:45,479.88,650,550,800
2024-01-23 09:00,479.88,650,550,800
2024-01-23 09:15,479.88,650,550,800
2024-01-23 09:30,479.88,650,550,800
2024-01-23 09:45,479.88,650,550,800
2024-01-23 10:00,479.88,650,550,800
2024-01-23 10:15,479.88,650,550,800
2024-01-23 10:30,479.88,650,550,800
2024-01-23 10:45,479.88,650,550,800
2024-01-23 11:00,479.88,650,550,800
2024-01-23 11:15,479.88,650,550,800
2024-01-23 11:30,479.88,650,550,800
2024-01-23 11:45,479.88,650,550,800
2024-01-23 12:00,479.88,650,550,800
2024-01-23 12:15,479.88,650,550,800
2024-01-23 12:30,479.88,650,550,800
2024-01-23 12:45,479.88,650,550,800
2024-01-23 13:00,479.88,650,550,800
2024-01-23 13:15,479.88,650,550,800
2024-01-23 13:30,479.88,650,550,800
2024-01-23 13:45,479.88,650,550,800
2024-01-23 14:00,479.88,650,550,800
2024-01-23 14:15,479.88,650,550,800
2024-01-23 14:30,479.88,650,550,800
2024-01-23 14:45,479.88,650,550,800
2024-01-23 15:00,479.88,650,550,800
2024-01-23 15:15,479.88,650,550,800
2024-01-23 15:30,479.88,650,550,800
2024-01-23 15:45,476.16,650,550,800
2024-01-23 16:00,479.88,650,550,800
2024-01-23 16:15,479.88,650,550,800
2024-01-23 16:30,479.88,650,550,800
2024-01-23 16:45,479.88,650,550,800
2024-01-23 17:00,476.16,650,550,800
2024-01-23 17:15,479.88,650,550,800
2024-01-23 17:30,479.88,650,550,800
2024-01-23 17:45,476.16,650,550,800
2024-01-23 18:00,476.16,650,550,800
2024-01-23 18:15,476.16,650,550,800
2024-01-23 18:30,476.16,650,550,800
2024-01-23 18:45,476.16,650,550,800
2024-01-23 19:00,476.16,650,550,800
2024-01-23 19:15,476.16,650,550,800
2024-01-23 19:30,476.16,650,550,800
2024-01-23 19:45,476.16,650,550,800
2024-01-23 20:00,476.16,650,550,800
2024-01-23 20:15,476.16,650,550,800
2024-01-23 20:30,476.16,650,550,800
2024-01-23 20:45,476.16,650,550,800
2024-01-23 21:00,476.16,650,550,800
2024-01-23 21:15,476.16,650,550,800
2024-01-23 21:30,476.16,650,550,800
2024-01-23 21:45,473.37,650,550,800
2024-01-23 22:00,476.16,650,550,800
2024-01-23 22:15,476.16,650,550,800
2024-01-23 22:30,473.37,650,550,800
2024-01-23 22:45,473.37,650,550,800
2024-01-23 23:00,473.37,650,550,800
2024-01-23 23:15,473.37,650,550,800
2024-01-23 23:30,473.37,650,550,800
2024-01-23 23:45,473.37,650,550,800
2024-01-24 00:00,473.37,650,550,800
2024-01-24 00:15,473.37,650,550,800
2024-01-24 00:30,473.37,650,550,800
2024-01-24 00:45,473.37,650,550,800
2024-01-24 01:00,470.58,650,550,800
2024-01-24 01:15,470.58,650,550,800
2024-01-24 01:30,470.58,650,550,800
2024-01-24 01:45,470.58,650,550,800
2024-01-24 02:00,470.58,650,550,800
2024-01-24 02:15,470.58,650,550,800
2024-01-24 02:30,470.58,650,550,800
2024-01-24 02:45,470.58,650,550,800
2024-01-24 03:00,473.37,650,550,800
2024-01-24 03:15,473.37,650,550,800
2024-01-24 03:30,470.58,650,550,800
2024-01-24 03:45,470.58,650,550,800
2024-01-24 04:00,470.58,650,550,800
2024-01-24 04:15,473.37,650,550,800
2024-01-24 04:30,473.37,650,550,800
2024-01-24 04:45,473.37,650,550,800
2024-01-24 05:00,473.37,650,550,800
2024-01-24 05:15,473.37,650,550,800
2024-01-24 05:30,473.37,650,550,800
2024-01-24 05:45,476.16,650,550,800
2024-01-24 06:00,473.37,650,550,800
2024-01-24 06:15,476.16,650,550,800
2024-01-24 06:30,473.37,650,550,800
2024-01-24 06:45,476.16,650,550,800
2024-01-24 07:00,473.37,650,550,800
2024-01-24 07:15,473.37,650,550,800
2024-01-24 07:30,476.16,650,550,800
2024-01-24 07:45,476.16,650,550,800
2024-01-24 08:00,473.37,650,550,800
2024-01-24 08:15,473.37,650,550,800
2024-01-24 08:30,473.37,650,550,800
2024-01-24 08:45,473.37,650,550,800
2024-01-24 09:00,473.37,650,550,800
2024-01-24 09:15,473.37,650,550,800
2024-01-24 09:30,473.37,650,550,800
2024-01-24 09:45,473.37,650,550,800
2024-01-24 10:00,473.37,650,550,800
2024-01-24 10:15,473.37,650,550,800
2024-01-24 10:30,473.37,650,550,800
2024-01-24 10:45,473.37,650,550,800
2024-01-24 11:00,473.37,650,550,800
2024-01-24 11:15,473.37,650,550,800
2024-01-24 11:30,473.37,650,550,800
2024-01-24 11:45,473.37,650,550,800
2024-01-24 12:00,473.37,650,550,800
2024-01-24 12:15,473.37,650,550,800
2024-01-24 12:30,473.37,650,550,800
2024-01-24 12:45,473.37,650,550,800
2024-01-24 13:00,473.37,650,550,800
2024-01-24 13:15,473.37,650,550,800
2024-01-24 13:30,473.37,650,550,800
2024-01-24 13:45,473.37,650,550,800
2024-01-24 14:00,473.37,650,550,800
2024-01-24 14:15,473.37,650,550,800
2024-01-24 14:30,473.37,650,550,800
2024-01-24 14:45,473.37,650,550,800
2024-01-24 15:00,473.37,650,550,800
2024-01-24 15:15,473.37,650,550,800
2024-01-24 15:30,473.37,650,550,800
2024-01-24 15:45,473.37,650,550,800
2024-01-24 16:00,473.37,650,550,800
2024-01-24 16:15,473.37,650,550,800
2024-01-24 16:30,473.37,650,550,800
2024-01-24 16:45,473.37,650,550,800
2024-01-24 17:00,473.37,650,550,800
2024-01-24 17:15,476.16,650,550,800
2024-01-24 17:30,476.16,650,550,800
2024-01-24 17:45,476.16,650,550,800
2024-01-24 18:00,476.16,650,550,800
2024-01-24 18:15,476.16,650,550,800
2024-01-24 18:30,479.88,650,550,800
2024-01-24 18:45,479.88,650,550,800
2024-01-24 19:00,479.88,650,550,800
2024-01-24 19:15,479.88,650,550,800
2024-01-24 19:30,479.88,650,550,800
2024-01-24 19:45,479.88,650,550,800
2024-01-24 20:00,479.88,650,550,800
2024-01-24 20:15,479.88,650,550,800
2024-01-24 20:30,476.16,650,550,800
2024-01-24 20:45,479.88,650,550,800
2024-01-24 21:00,479.88,650,550,800
2024-01-24 21:15,479.88,650,550,800
2024-01-24 21:30,479.88,650,550,800
2024-01-24 21:45,479.88,650,550,800
2024-01-24 22:00,479.88,650,550,800
2024-01-24 22:15,479.88,650,550,800
2024-01-24 22:30,479.88,650,550,800
2024-01-24 22:45,479.88,650,550,800
2024-01-24 23:00,479.88,650,550,800
2024-01-24 23:15,482.67,650,550,800
2024-01-24 23:30,482.67,650,550,800
2024-01-24 23:45,482.67,650,550,800
2024-01-25 00:00,482.67,650,550,800
2024-01-25 00:15,482.67,650,550,800
2024-01-25 00:30,482.67,650,550,800
2024-01-25 00:45,482.67,650,550,800
2024-01-25 01:00,482.67,650,550,800
2024-01-25 01:15,482.67,650,550,800
2024-01-25 01:30,482.67,650,550,800
2024-01-25 01:45,485.46,650,550,800
2024-01-25 02:00,485.46,650,550,800
2024-01-25 02:15,485.46,650,550,800
2024-01-25 02:30,485.46,650,550,800
2024-01-25 02:45,485.46,650,550,800
2024-01-25 03:00,485.46,650,550,800
2024-01-25 03:15,485.46,650,550,800
2024-01-25 03:30,485.46,650,550,800
2024-01-25 03:45,485.46,650,550,800
2024-01-25 04:00,485.46,650,550,800
2024-01-25 04:15,485.46,650,550,800
2024-01-25 04:30,485.46,650,550,800
2024-01-25 04:45,485.46,650,550,800
2024-01-25 05:00,488.25,650,550,800
2024-01-25 05:15,488.25,650,550,800
2024-01-25 05:30,488.25,650,550,800
2024-01-25 05:45,488.25,650,550,800
2024-01-25 06:00,488.25,650,550,800
2024-01-25 06:15,488.25,650,550,800
2024-01-25 06:30,488.25,650,550,800
2024-01-25 06:45,488.25,650,550,800
2024-01-25 07:00,488.25,650,550,800
2024-01-25 07:15,488.25,650,550,800
2024-01-25 07:30,488.25,650,550,800
2024-01-25 07:45,488.25,650,550,800
2024-01-25 08:00,491.04,650,550,800
2024-01-25 08:15,491.04,650,550,800
2024-01-25 08:30,488.25,650,550,800
2024-01-25 08:45,488.25,650,550,800
2024-01-25 09:00,491.04,650,550,800
2024-01-25 09:15,488.25,650,550,800
2024-01-25 09:30,491.04,650,550,800
2024-01-25 09:45,491.04,650,550,800
2024-01-25 10:00,491.04,650,550,800
2024-01-25 10:15,491.04,650,550,800
2024-01-25 10:30,491.04,650,550,800
2024-01-25 10:45,493.83,650,550,800
2024-01-25 11:00,491.04,650,550,800
2024-01-25 11:15,491.04,650,550,800
2024-01-25 11:30,491.04,650,550,800
2024-01-25 11:45,493.83,650,550,800
2024-01-25 12:00,493.83,650,550,800
2024-01-25 12:15,493.83,650,550,800
2024-01-25 12:30,491.04,650,550,800
2024-01-25 12:45,493.83,650,550,800
2024-01-25 13:00,491.04,650,550,800
2024-01-25 13:15,491.04,650,550,800
2024-01-25 13:30,491.04,650,550,800
2024-01-25 13:45,493.83,650,550,800
2024-01-25 14:00,491.04,650,550,800
2024-01-25 14:15,491.04,650,550,800
2024-01-25 14:30,493.83,650,550,800
2024-01-25 14:45,493.83,650,550,800
2024-01-25 15:00,493.83,650,550,800
2024-01-25 15:15,493.83,650,550,800
2024-01-25 15:30,493.83,650,550,800
2024-01-25 15:45,493.83,650,550,800
2024-01-25 16:00,493.83,650,550,800
2024-01-25 16:15,493.83,650,550,800
2024-01-25 16:30,493.83,650,550,800
2024-01-25 16:45,493.83,650,550,800
2024-01-25 17:00,493.83,650,550,800
2024-01-25 17:15,493.83,650,550,800
2024-01-25 17:30,493.83,650,550,800
2024-01-25 17:45,493.83,650,550,800
2024-01-25 18:00,493.83,650,550,800
2024-01-25 18:15,493.83,650,550,800
2024-01-25 18:30,493.83,650,550,800
2024-01-25 18:45,493.83,650,550,800
2024-01-25 19:00,493.83,650,550,800
2024-01-25 19:15,493.83,650,550,800
2024-01-25 19:30,493.83,650,550,800
2024-01-25 19:45,493.83,650,550,800
2024-01-25 20:00,493.83,650,550,800
2024-01-25 20:15,493.83,650,550,800
2024-01-25 20:30,493.83,650,550,800
2024-01-25 20:45,493.83,650,550,800
2024-01-25 21:00,493.83,650,550,800
2024-01-25 21:15,493.83,650,550,800
2024-01-25 21:30,493.83,650,550,800
2024-01-25 21:45,493.83,650,550,800
2024-01-25 22:00,493.83,650,550,800
2024-01-25 22:15,493.83,650,550,800
2024-01-25 22:30,493.83,650,550,800
2024-01-25 22:45,493.83,650,550,800
2024-01-25 23:00,493.83,650,550,800
2024-01-25 23:15,493.83,650,550,800
2024-01-25 23:30,493.83,650,550,800
2024-01-25 23:45,493.83,650,550,800
2024-01-26 00:00,493.83,650,550,800
2024-01-26 00:15,493.83,650,550,800
2024-01-26 00:30,493.83,650,550,800
2024-01-26 00:45,493.83,650,550,800
2024-01-26 01:00,496.62,650,550,800
2024-01-26 01:15,493.83,650,550,800
2024-01-26 01:30,496.62,650,550,800
2024-01-26 01:45,496.62,650,550,800
2024-01-26 02:00,496.62,650,550,800
2024-01-26 02:15,496.62,650,550,800
2024-01-26 02:30,496.62,650,550,800
2024-01-26 02:45,496.62,650,550,800
2024-01-26 03:00,496.62,650,550,800
2024-01-26 03:15,496.62,650,550,800
2024-01-26 03:30,496.62,650,550,800
2024-01-26 03:45,496.62,650,550,800
2024-01-26 04:00,496.62,650,550,800
2024-01-26 04:15,496.62,650,550,800
2024-01-26 04:30,496.62,650,550,800
2024-01-26 04:45,496.62,650,550,800
2024-01-26 05:00,496.62,650,550,800
2024-01-26 05:15,496.62,650,550,800
2024-01-26 05:30,496.62,650,550,800
2024-01-26 05:45,496.62,650,550,800
2024-01-26 06:00,496.62,650,550,800
2024-01-26 06:15,496.62,650,550,800
2024-01-26 06:30,500.34,650,550,800
2024-01-26 06:45,500.34,650,550,800
2024-01-26 07:00,500.34,650,550,800
2024-01-26 07:15,500.34,650,550,800
2024-01-26 07:30,500.34,650,550,800
2024-01-26 07:45,500.34,650,550,800
2024-01-26 08:00,500.34,650,550,800
2024-01-26 08:15,503.13,650,550,800
2024-01-26 08:30,503.13,650,550,800
2024-01-26 08:45,503.13,650,550,800
2024-01-26 09:00,503.13,650,550,800
2024-01-26 09:15,503.13,650,550,800
2024-01-26 09:30,503.13,650,550,800
2024-01-26 09:45,503.13,650,550,800
2024-01-26 10:00,503.13,650,550,800
2024-01-26 10:15,503.13,650,550,800
2024-01-26 10:30,503.13,650,550,800
2024-01-26 10:45,503.13,650,550,800
2024-01-26 11:00,505.92,650,550,800
2024-01-26 11:15,503.13,650,550,800
2024-01-26 11:30,503.13,650,550,800
2024-01-26 11:45,503.13,650,550,800
2024-01-26 12:00,503.13,650,550,800
2024-01-26 12:15,505.92,650,550,800
2024-01-26 12:30,505.92,650,550,800
2024-01-26 12:45,505.92,650,550,800
2024-01-26 13:00,505.92,650,550,800
2024-01-26 13:15,505.92,650,550,800
2024-01-26 13:30,505.92,650,550,800
2024-01-26 13:45,505.92,650,550,800
2024-01-26 14:00,505.92,650,550,800
2024-01-26 14:15,505.92,650,550,800
2024-01-26 14:30,505.92,650,550,800
2024-01-26 14:45,505.92,650,550,800
2024-01-26 15:00,505.92,650,550,800
2024-01-26 15:15,505.92,650,550,800
2024-01-26 15:30,505.92,650,550,800
2024-01-26 15:45,505.92,650,550,800
2024-01-26 16:00,505.92,650,550,800
2024-01-26 16:15,505.92,650,550,800
2024-01-26 16:30,505.92,650,550,800
2024-01-26 16:45,505.92,650,550,800
2024-01-26 17:00,505.92,650,550,800
2024-01-26 17:15,505.92,650,550,800
2024-01-26 17:30,505.92,650,550,800
2024-01-26 17:45,505.92,650,550,800
2024-01-26 18:00,505.92,650,550,800
2024-01-26 18:15,508.71,650,550,800
2024-01-26 18:30,508.71,650,550,800
2024-01-26 18:45,508.71,650,550,800
2024-01-26 19:00,508.71,650,550,800
2024-01-26 19:15,508.71,650,550,800
2024-01-26 19:30,508.71,650,550,800
2024-01-26 19:45,508.71,650,550,800
2024-01-26 20:00,508.71,650,550,800
2024-01-26 20:15,508.71,650,550,800
2024-01-26 20:30,508.71,650,550,800
2024-01-26 20:45,511.5,650,550,800
2024-01-26 21:00,511.5,650,550,800
2024-01-26 21:15,511.5,650,550,800
2024-01-26 21:30,511.5,650,550,800
2024-01-26 21:45,511.5,650,550,800
2024-01-26 22:00,511.5,650,550,800
2024-01-26 22:15,511.5,650,550,800
2024-01-26 22:30,511.5,650,550,800
2024-01-26 22:45,511.5,650,550,800
2024-01-26 23:00,511.5,650,550,800
2024-01-26 23:15,514.29,650,550,800
2024-01-26 23:30,514.29,650,550,800
2024-01-26 23:45,514.29,650,550,800
2024-01-27 00:00,514.29,650,550,800
2024-01-27 00:15,514.29,650,550,800
2024-01-27 00:30,514.29,650,550,800
2024-01-27 00:45,514.29,650,550,800
2024-01-27 01:00,518.01,650,550,800
2024-01-27 01:15,514.29,650,550,800
2024-01-27 01:30,514.29,650,550,800
2024-01-27 01:45,514.29,650,550,800
2024-01-27 02:00,518.01,650,550,800
2024-01-27 02:15,514.29,650,550,800
2024-01-27 02:30,518.01,650,550,800
2024-01-27 02:45,518.01,650,550,800
2024-01-27 03:00,518.01,650,550,800
2024-01-27 03:15,518.01,650,550,800
2024-01-27 03:30,518.01,650,550,800
2024-01-27 03:45,520.8,650,550,800
2024-01-27 04:00,520.8,650,550,800
2024-01-27 04:15,520.8,650,550,800
2024-01-27 04:30,520.8,650,550,800
2024-01-27 04:45,520.8,650,550,800
2024-01-27 05:00,520.8,650,550,800
2024-01-27 05:15,520.8,650,550,800
2024-01-27 05:30,520.8,650,550,800
2024-01-27 05:45,520.8,650,550,800
2024-01-27 06:00,523.59,650,550,800
2024-01-27 06:15,523.59,650,550,800
2024-01-27 06:30,523.59,650,550,800
2024-01-27 06:45,523.59,650,550,800
2024-01-27 07:00,523.59,650,550,800
2024-01-27 07:15,526.38,650,550,800
2024-01-27 07:30,523.59,650,550,800
2024-01-27 07:45,526.38,650,550,800
2024-01-27 08:00,526.38,650,550,800
2024-01-27 08:15,526.38,650,550,800
2024-01-27 08:30,526.38,650,550,800
2024-01-27 08:45,526.38,650,550,800
2024-01-27 09:00,526.38,650,550,800
2024-01-27 09:15,526.38,650,550,800
2024-01-27 09:30,526.38,650,550,800
2024-01-27 09:45,526.38,650,550,800
2024-01-27 10:00,526.38,650,550,800
2024-01-27 10:15,526.38,650,550,800
2024-01-27 10:30,526.38,650,550,800
2024-01-27 10:45,526.38,650,550,800
2024-01-27 11:00,526.38,650,550,800
2024-01-27 11:15,526.38,650,550,800
2024-01-27 11:30,526.38,650,550,800
2024-01-27 11:45,526.38,650,550,800
2024-01-27 12:00,526.38,650,550,800
2024-01-27 12:15,526.38,650,550,800
2024-01-27 12:30,526.38,650,550,800
2024-01-27 12:45,526.38,650,550,800
2024-01-27 13:00,526.38,650,550,800
2024-01-27 13:15,529.17,650,550,800
2024-01-27 13:30,529.17,650,550,800
2024-01-27 13:45,529.17,650,550,800
2024-01-27 14:00,529.17,650,550,800
2024-01-27 14:15,529.17,650,550,800
2024-01-27 14:30,529.17,650,550,800
2024-01-27 14:45,529.17,650,550,800
2024-01-27 15:00,529.17,650,550,800
2024-01-27 15:15,529.17,650,550,800
2024-01-27 15:30,532.89,650,550,800
2024-01-27 15:45,532.89,650,550,800
2024-01-27 16:00,532.89,650,550,800
2024-01-27 16:15,532.89,650,550,800
2024-01-27 16:30,532.89,650,550,800
2024-01-27 16:45,532.89,650,550,800
2024-01-27 17:00,532.89,650,550,800
2024-01-27 17:15,532.89,650,550,800
2024-01-27 17:30,532.89,650,550,800
2024-01-27 17:45,532.89,650,550,800
2024-01-27 18:00,532.89,650,550,800
2024-01-27 18:15,532.89,650,550,800
2024-01-27 18:30,532.89,650,550,800
2024-01-27 18:45,532.89,650,550,800
2024-01-27 19:00,535.68,650,550,800
2024-01-27 19:15,535.68,650,550,800
2024-01-27 19:30,532.89,650,550,800
2024-01-27 19:45,535.68,650,550,800
2024-01-27 20:00,535.68,650,550,800
2024-01-27 20:15,535.68,650,550,800
2024-01-27 20:30,535.68,650,550,800
2024-01-27 20:45,535.68,650,550,800
2024-01-27 21:00,535.68,650,550,800
2024-01-27 21:15,535.68,650,550,800
2024-01-27 21:30,535.68,650,550,800
2024-01-27 21:45,535.68,650,550,800
2024-01-27 22:00,538.47,650,550,800
2024-01-27 22:15,535.68,650,550,800
2024-01-27 22:30,538.47,650,550,800
2024-01-27 22:45,538.47,650,550,800
2024-01-27 23:00,535.68,650,550,800
2024-01-27 23:15,538.47,650,550,800
2024-01-27 23:30,535.68,650,550,800
2024-01-27 23:45,538.47,650,550,800
2024-01-28 00:00,538.47,650,550,800
2024-01-28 00:15,535.68,650,550,800
2024-01-28 00:30,538.47,650,550,800
2024-01-28 00:45,535.68,650,550,800
2024-01-28 01:00,535.68,650,550,800
2024-01-28 01:15,535.68,650,550,800
2024-01-28 01:30,535.68,650,550,800
2024-01-28 01:45,535.68,650,550,800
2024-01-28 02:00,538.47,650,550,800
2024-01-28 02:15,538.47,650,550,800
2024-01-28 02:30,538.47,650,550,800
2024-01-28 02:45,538.47,650,550,800
2024-01-28 03:00,538.47,650,550,800
2024-01-28 03:15,538.47,650,550,800
2024-01-28 03:30,538.47,650,550,800
2024-01-28 03:45,538.47,650,550,800
2024-01-28 04:00,538.47,650,550,800
2024-01-28 04:15,538.47,650,550,800
2024-01-28 04:30,538.47,650,550,800
2024-01-28 04:45,538.47,650,550,800
2024-01-28 05:00,538.47,650,550,800
2024-01-28 05:15,538.47,650,550,800
2024-01-28 05:30,541.26,650,550,800
2024-01-28 05:45,541.26,650,550,800
2024-01-28 06:00,541.26,650,550,800
2024-01-28 06:15,541.26,650,550,800
2024-01-28 06:30,541.26,650,550,800
2024-01-28 06:45,541.26,650,550,800
2024-01-28 07:00,541.26,650,550,800
2024-01-28 07:15,541.26,650,550,800
2024-01-28 07:30,538.47,650,550,800
2024-01-28 07:45,541.26,650,550,800
2024-01-28 08:00,541.26,650,550,800
2024-01-28 08:15,541.26,650,550,800
2024-01-28 08:30,541.26,650,550,800
2024-01-28 08:45,541.26,650,550,800
2024-01-28 09:00,541.26,650,550,800
2024-01-28 09:15,541.26,650,550,800
2024-01-28 09:30,541.26,650,550,800
2024-01-28 09:45,541.26,650,550,800
2024-01-28 10:00,541.26,650,550,800
2024-01-28 10:15,538.47,650,550,800
2024-01-28 10:30,541.26,650,550,800
2024-01-28 10:45,541.26,650,550,800
2024-01-28 11:00,541.26,650,550,800
2024-01-28 11:15,541.26,650,550,800
2024-01-28 11:30,541.26,650,550,800
2024-01-28 11:45,541.26,650,550,800
2024-01-28 12:00,541.26,650,550,800
2024-01-28 12:15,541.26,650,550,800
2024-01-28 12:30,541.26,650,550,800
2024-01-28 12:45,541.26,650,550,800
2024-01-28 13:00,544.98,650,550,800
2024-01-28 13:15,541.26,650,550,800
2024-01-28 13:30,544.98,650,550,800
2024-01-28 13:45,544.98,650,550,800
2024-01-28 14:00,544.98,650,550,800
2024-01-28 14:15,544.98,650,550,800
2024-01-28 14:30,544.98,650,550,800
2024-01-28 14:45,544.98,650,550,800
2024-01-28 15:00,544.98,650,550,800
2024-01-28 15:15,544.98,650,550,800
2024-01-28 15:30,544.98,650,550,800
2024-01-28 15:45,544.98,650,550,800
2024-01-28 16:00,544.98,650,550,800
2024-01-28 16:15,544.98,650,550,800
2024-01-28 16:30,544.98,650,550,800
2024-01-28 16:45,544.98,650,550,800
2024-01-28 17:00,544.98,650,550,800
2024-01-28 17:15,544.98,650,550,800
2024-01-28 17:30,544.98,650,550,800
2024-01-28 17:45,547.77,650,550,800
2024-01-28 18:00,547.77,650,550,800
2024-01-28 18:15,547.77,650,550,800
2024-01-28 18:30,547.77,650,550,800
2024-01-28 18:45,547.77,650,550,800
2024-01-28 19:00,547.77,650,550,800
2024-01-28 19:15,547.77,650,550,800
2024-01-28 19:30,547.77,650,550,800
2024-01-28 19:45,547.77,650,550,800
2024-01-28 20:00,547.77,650,550,800
2024-01-28 20:15,550.56,650,550,800
2024-01-28 20:30,550.56,650,550,800
2024-01-28 20:45,550.56,650,550,800
2024-01-28 21:00,550.56,650,550,800
2024-01-28 21:15,550.56,650,550,800
2024-01-28 21:30,550.56,650,550,800
2024-01-28 21:45,550.56,650,550,800
2024-01-28 22:00,550.56,650,550,800
2024-01-28 22:15,550.56,650,550,800
2024-01-28 22:30,550.56,650,550,800
2024-01-28 22:45,550.56,650,550,800
2024-01-28 23:00,550.56,650,550,800
2024-01-28 23:15,550.56,650,550,800
2024-01-28 23:30,550.56,650,550,800
2024-01-28 23:45,550.56,650,550,800
2024-01-29 00:00,550.56,650,550,800
2024-01-29 00:15,553.35,650,550,800
2024-01-29 00:30,553.35,650,550,800
2024-01-29 00:45,553.35,650,550,800
2024-01-29 01:00,553.35,650,550,800
2024-01-29 01:15,553.35,650,550,800
2024-01-29 01:30,553.35,650,550,800
2024-01-29 01:45,553.35,650,550,800
2024-01-29 02:00,553.35,650,550,800
2024-01-29 02:15,553.35,650,550,800
2024-01-29 02:30,553.35,650,550,800
2024-01-29 02:45,553.35,650,550,800
2024-01-29 03:00,553.35,650,550,800
2024-01-29 03:15,553.35,650,550,800
2024-01-29 03:30,553.35,650,550,800
2024-01-29 03:45,553.35,650,550,800
2024-01-29 04:00,553.35,650,550,800
2024-01-29 04:15,553.35,650,550,800
2024-01-29 04:30,553.35,650,550,800
2024-01-29 04:45,553.35,650,550,800
2024-01-29 05:00,553.35,650,550,800
2024-01-29 05:15,553.35,650,550,800
2024-01-29 05:30,553.35,650,550,800
2024-01-29 05:45,553.35,650,550,800
2024-01-29 06:00,553.35,650,550,800
2024-01-29 06:15,553.35,650,550,800
2024-01-29 06:30,553.35,650,550,800
2024-01-29 06:45,553.35,650,550,800
2024-01-29 07:00,553.35,650,550,800
2024-01-29 07:15,557.07,650,550,800
2024-01-29 07:30,553.35,650,550,800
2024-01-29 07:45,557.07,650,550,800
2024-01-29 08:00,553.35,650,550,800
2024-01-29 08:15,553.35,650,550,800
2024-01-29 08:30,553.35,650,550,800
2024-01-29 08:45,553.35,650,550,800
2024-01-29 09:00,553.35,650,550,800
2024-01-29 09:15,553.35,650,550,800
2024-01-29 09:30,553.35,650,550,800
2024-01-29 09:45,553.35,650,550,800
2024-01-29 10:00,553.35,650,550,800
2024-01-29 10:15,553.35,650,550,800
2024-01-29 10:30,553.35,650,550,800
2024-01-29 10:45,553.35,650,550,800
2024-01-29 11:00,553.35,650,550,800
2024-01-29 11:15,553.35,650,550,800
2024-01-29 11:30,553.35,650,550,800
2024-01-29 11:45,553.35,650,550,800
2024-01-29 12:00,553.35,650,550,800
2024-01-29 12:15,553.35,650,550,800
2024-01-29 12:30,553.35,650,550,800
2024-01-29 12:45,557.07,650,550,800
2024-01-29 13:00,557.07,650,550,800
2024-01-29 13:15,557.07,650,550,800
2024-01-29 13:30,557.07,650,550,800
2024-01-29 13:45,557.07,650,550,800
2024-01-29 14:00,557.07,650,550,800
2024-01-29 14:15,557.07,650,550,800
2024-01-29 14:30,557.07,650,550,800
2024-01-29 14:45,557.07,650,550,800
2024-01-29 15:00,557.07,650,550,800
2024-01-29 15:15,559.86,650,550,800
2024-01-29 15:30,559.86,650,550,800
2024-01-29 15:45,559.86,650,550,800
2024-01-29 16:00,559.86,650,550,800
2024-01-29 16:15,562.65,650,550,800
2024-01-29 16:30,562.65,650,550,800
2024-01-29 16:45,562.65,650,550,800
2024-01-29 17:00,562.65,650,550,800
2024-01-29 17:15,562.65,650,550,800
2024-01-29 17:30,565.44,650,550,800
2024-01-29 17:45,565.44,650,550,800
2024-01-29 18:00,565.44,650,550,800
2024-01-29 18:15,569.16,650,550,800
2024-01-29 18:30,569.16,650,550,800
2024-01-29 18:45,569.16,650,550,800
2024-01-29 19:00,569.16,650,550,800
2024-01-29 19:15,571.95,650,550,800
2024-01-29 19:30,571.95,650,550,800
2024-01-29 19:45,571.95,650,550,800
2024-01-29 20:00,574.74,650,550,800
2024-01-29 20:15,574.74,650,550,800
2024-01-29 20:30,574.74,650,550,800
2024-01-29 20:45,574.74,650,550,800
2024-01-29 21:00,577.53,650,550,800
2024-01-29 21:15,577.53,650,550,800
2024-01-29 21:30,577.53,650,550,800
2024-01-29 21:45,577.53,650,550,800
2024-01-29 22:00,577.53,650,550,800
2024-01-29 22:15,577.53,650,550,800
2024-01-29 22:30,581.25,650,550,800
2024-01-29 22:45,581.25,650,550,800
2024-01-29 23:00,581.25,650,550,800
2024-01-29 23:15,581.25,650,550,800
2024-01-29 23:30,581.25,650,550,800
2024-01-29 23:45,581.25,650,550,800
2024-01-30 00:00,581.25,650,550,800
2024-01-30 00:15,581.25,650,550,800
2024-01-30 00:30,581.25,650,550,800
2024-01-30 00:45,581.25,650,550,800
2024-01-30 01:00,581.25,650,550,800
2024-01-30 01:15,584.04,650,550,800
2024-01-30 01:30,581.25,650,550,800
2024-01-30 01:45,584.04,650,550,800
2024-01-30 02:00,584.04,650,550,800
2024-01-30 02:15,584.04,650,550,800
2024-01-30 02:30,584.04,650,550,800
2024-01-30 02:45,584.04,650,550,800
2024-01-30 03:00,581.25,650,550,800
2024-01-30 03:15,584.04,650,550,800
2024-01-30 03:30,584.04,650,550,800
2024-01-30 03:45,584.04,650,550,800
2024-01-30 04:00,584.04,650,550,800
2024-01-30 04:15,584.04,650,550,800
2024-01-30 04:30,584.04,650,550,800
2024-01-30 04:45,584.04,650,550,800
2024-01-30 05:00,584.04,650,550,800
2024-01-30 05:15,584.04,650,550,800
2024-01-30 05:30,584.04,650,550,800
2024-01-30 05:45,584.04,650,550,800
2024-01-30 06:00,584.04,650,550,800
2024-01-30 06:15,584.04,650,550,800
2024-01-30 06:30,584.04,650,550,800
2024-01-30 06:45,586.83,650,550,800
2024-01-30 07:00,584.04,650,550,800
2024-01-30 07:15,586.83,650,550,800
2024-01-30 07:30,584.04,650,550,800
2024-01-30 07:45,586.83,650,550,800
2024-01-30 08:00,586.83,650,550,800
2024-01-30 08:15,586.83,650,550,800
2024-01-30 08:30,586.83,650,550,800
2024-01-30 08:45,586.83,650,550,800
2024-01-30 09:00,586.83,650,550,800
2024-01-30 09:15,590.55,650,550,800
2024-01-30 09:30,590.55,650,550,800
2024-01-30 09:45,590.55,650,550,800
2024-01-30 10:00,590.55,650,550,800
2024-01-30 10:15,590.55,650,550,800
2024-01-30 10:30,590.55,650,550,800
2024-01-30 10:45,590.55,650,550,800
2024-01-30 11:00,593.34,650,550,800
2024-01-30 11:15,593.34,650,550,800
2024-01-30 11:30,593.34,650,550,800
2024-01-30 11:45,593.34,650,550,800
2024-01-30 12:00,593.34,650,550,800
2024-01-30 12:15,593.34,650,550,800
2024-01-30 12:30,593.34,650,550,800
2024-01-30 12:45,596.13,650,550,800
2024-01-30 13:00,596.13,650,550,800
2024-01-30 13:15,596.13,650,550,800
2024-01-30 13:30,596.13,650,550,800
2024-01-30 13:45,596.13,650,550,800
2024-01-30 14:00,596.13,650,550,800
2024-01-30 14:15,596.13,650,550,800
2024-01-30 14:30,596.13,650,550,800
2024-01-30 14:45,596.13,650,550,800
2024-01-30 15:00,596.13,650,550,800
2024-01-30 15:15,596.13,650,550,800
2024-01-30 15:30,596.13,650,550,800
2024-01-30 15:45,596.13,650,550,800
2024-01-30 16:00,596.13,650,550,800
2024-01-30 16:15,599.85,650,550,800
2024-01-30 16:30,596.13,650,550,800
2024-01-30 16:45,599.85,650,550,800
2024-01-30 17:00,596.13,650,550,800
2024-01-30 17:15,596.13,650,550,800
2024-01-30 17:30,596.13,650,550,800
2024-01-30 17:45,596.13,650,550,800
2024-01-30 18:00,596.13,650,550,800
2024-01-30 18:15,596.13,650,550,800
2024-01-30 18:30,596.13,650,550,800
2024-01-30 18:45,596.13,650,550,800
2024-01-30 19:00,593.34,650,550,800
2024-01-30 19:15,593.34,650,550,800
2024-01-30 19:30,596.13,650,550,800
2024-01-30 19:45,593.34,650,550,800
2024-01-30 20:00,593.34,650,550,800
2024-01-30 20:15,593.34,650,550,800
2024-01-30 20:30,593.34,650,550,800
2024-01-30 20:45,593.34,650,550,800
2024-01-30 21:00,593.34,650,550,800
2024-01-30 21:15,593.34,650,550,800
2024-01-30 21:30,593.34,650,550,800
2024-01-30 21:45,593.34,650,550,800
2024-01-30 22:00,593.34,650,550,800
2024-01-30 22:15,593.34,650,550,800
2024-01-30 22:30,593.34,650,550,800
2024-01-30 22:45,593.34,650,550,800
2024-01-30 23:00,593.34,650,550,800
2024-01-30 23:15,590.55,650,550,800
2024-01-30 23:30,593.34,650,550,800
2024-01-30 23:45,593.34,650,550,800
2024-01-31 00:00,593.34,650,550,800
2024-01-31 00:15,590.55,650,550,800
2024-01-31 00:30,593.34,650,550,800
2024-01-31 00:45,593.34,650,550,800
2024-01-31 01:00,593.34,650,550,800
2024-01-31 01:15,593.34,650,550,800
2024-01-31 01:30,596.13,650,550,800
2024-01-31 01:45,596.13,650,550,800
2024-01-31 02:00,593.34,650,550,800
2024-01-31 02:15,593.34,650,550,800
2024-01-31 02:30,593.34,650,550,800
2024-01-31 02:45,593.34,650,550,800
2024-01-31 03:00,593.34,650,550,800
2024-01-31 03:15,593.34,650,550,800
2024-01-31 03:30,590.55,650,550,800
2024-01-31 03:45,590.55,650,550,800
2024-01-31 04:00,590.55,650,550,800
2024-01-31 04:15,590.55,650,550,800
2024-01-31 04:30,590.55,650,550,800
2024-01-31 04:45,593.34,650,550,800
2024-01-31 05:00,590.55,650,550,800
2024-01-31 05:15,590.55,650,550,800
2024-01-31 05:30,590.55,650,550,800
2024-01-31 05:45,590.55,650,550,800
2024-01-31 06:00,590.55,650,550,800
2024-01-31 06:15,586.83,650,550,800
2024-01-31 06:30,590.55,650,550,800
2024-01-31 06:45,586.83,650,550,800
2024-01-31 07:00,586.83,650,550,800
2024-01-31 07:15,586.83,650,550,800
2024-01-31 07:30,586.83,650,550,800
2024-01-31 07:45,586.83,650,550,800
2024-01-31 08:00,586.83,650,550,800
2024-01-31 08:15,586.83,650,550,800
2024-01-31 08:30,586.83,650,550,800
2024-01-31 08:45,586.83,650,550,800
2024-01-31 09:00,586.83,650,550,800
2024-01-31 09:15,590.55,650,550,800
2024-01-31 09:30,590.55,650,550,800
2024-01-31 09:45,586.83,650,550,800
2024-01-31 10:00,586.83,650,550,800
2024-01-31 10:15,586.83,650,550,800
2024-01-31 10:30,590.55,650,550,800
2024-01-31 10:45,586.83,650,550,800
2024-01-31 11:00,586.83,650,550,800
2024-01-31 11:15,590.55,650,550,800
2024-01-31 11:30,586.83,650,550,800
2024-01-31 11:45,586.83,650,550,800
2024-01-31 12:00,586.83,650,550,800
2024-01-31 12:15,586.83,650,550,800
2024-01-31 12:30,586.83,650,550,800
2024-01-31 12:45,586.83,650,550,800
2024-01-31 13:00,586.83,650,550,800
2024-01-31 13:15,586.83,650,550,800
2024-01-31 13:30,586.83,650,550,800
2024-01-31 13:45,586.83,650,550,800
2024-01-31 14:00,586.83,650,550,800
2024-01-31 14:15,586.83,650,550,800
2024-01-31 14:30,586.83,650,550,800
2024-01-31 14:45,586.83,650,550,800
2024-01-31 15:00,586.83,650,550,800
2024-01-31 15:15,586.83,650,550,800
2024-01-31 15:30,586.83,650,550,800
2024-01-31 15:45,586.83,650,550,800
2024-01-31 16:00,586.83,650,550,800
2024-01-31 16:15,586.83,650,550,800
2024-01-31 16:30,590.55,650,550,800
2024-01-31 16:45,586.83,650,550,800
2024-01-31 17:00,586.83,650,550,800
2024-01-31 17:15,590.55,650,550,800
2024-01-31 17:30,590.55,650,550,800
2024-01-31 17:45,586.83,650,550,800
2024-01-31 18:00,586.83,650,550,800
2024-01-31 18:15,590.55,650,550,800
2024-01-31 18:30,590.55,650,550,800
2024-01-31 18:45,590.55,650,550,800
2024-01-31 19:00,590.55,650,550,800
2024-01-31 19:15,590.55,650,550,800
2024-01-31 19:30,590.55,650,550,800
2024-01-31 19:45,590.55,650,550,800
2024-01-31 20:00,590.55,650,550,800
2024-01-31 20:15,590.55,650,550,800
2024-01-31 20:30,590.55,650,550,800
2024-01-31 20:45,590.55,650,550,800
2024-01-31 21:00,590.55,650,550,800
2024-01-31 21:15,590.55,650,550,800
2024-01-31 21:30,590.55,650,550,800
2024-01-31 21:45,593.34,650,550,800
2024-01-31 22:00,593.34,650,550,800
2024-01-31 22:15,590.55,650,550,800
2024-01-31 22:30,593.34,650,550,800
2024-01-31 22:45,593.34,650,550,800
2024-01-31 23:00,593.34,650,550,800
2024-01-31 23:15,593.34,650,550,800
2024-01-31 23:30,593.34,650,550,800
2024-01-31 23:45,593.34,650,550,800
2024-02-01 00:00,593.34,650,550,800
2024-02-01 00:15,593.34,650,550,800
2024-02-01 00:30,593.34,650,550,800
2024-02-01 00:45,593.34,650,550,800
2024-02-01 01:00,593.34,650,550,800
2024-02-01 01:15,593.34,650,550,800
2024-02-01 01:30,593.34,650,550,800
2024-02-01 01:45,593.34,650,550,800
2024-02-01 02:00,593.34,650,550,800
2024-02-01 02:15,593.34,650,550,800
2024-02-01 02:30,593.34,650,550,800
2024-02-01 02:45,593.34,650,550,800
2024-02-01 03:00,593.34,650,550,800
2024-02-01 03:15,593.34,650,550,800
2024-02-01 03:30,593.34,650,550,800
2024-02-01 03:45,593.34,650,550,800
2024-02-01 04:00,590.55,650,550,800
2024-02-01 04:15,593.34,650,550,800
2024-02-01 04:30,593.34,650,550,800
2024-02-01 04:45,593.34,650,550,800
2024-02-01 05:00,593.34,650,550,800
2024-02-01 05:15,593.34,650,550,800
2024-02-01 05:30,593.34,650,550,800
2024-02-01 05:45,593.34,650,550,800
2024-02-01 06:00,593.34,650,550,800
2024-02-01 06:15,593.34,650,550,800
2024-02-01 06:30,593.34,650,550,800
2024-02-01 06:45,593.34,650,550,800
2024-02-01 07:00,593.34,650,550,800
2024-02-01 07:15,593.34,650,550,800
2024-02-01 07:30,593.34,650,550,800
2024-02-01 07:45,593.34,650,550,800
2024-02-01 08:00,593.34,650,550,800
2024-02-01 08:15,593.34,650,550,800
2024-02-01 08:30,593.34,650,550,800
2024-02-01 08:45,593.34,650,550,800
2024-02-01 09:00,593.34,650,550,800
2024-02-01 09:15,593.34,650,550,800
2024-02-01 09:30,593.34,650,550,800
2024-02-01 09:45,593.34,650,550,800
2024-02-01 10:00,593.34,650,550,800
2024-02-01 10:15,593.34,650,550,800
2024-02-01 10:30,593.34,650,550,800
2024-02-01 10:45,593.34,650,550,800
2024-02-01 11:00,593.34,650,550,800
2024-02-01 11:15,593.34,650,550,800
2024-02-01 11:30,593.34,650,550,800
2024-02-01 11:45,593.34,650,550,800
2024-02-01 12:00,593.34,650,550,800
2024-02-01 12:15,593.34,650,550,800
2024-02-01 12:30,593.34,650,550,800
2024-02-01 12:45,593.34,650,550,800
2024-02-01 13:00,593.34,650,550,800
2024-02-01 13:15,593.34,650,550,800
2024-02-01 13:30,593.34,650,550,800
2024-02-01 13:45,593.34,650,550,800
2024-02-01 14:00,593.34,650,550,800
2024-02-01 14:15,596.13,650,550,800
2024-02-01 14:30,593.34,650,550,800
2024-02-01 14:45,593.34,650,550,800
2024-02-01 15:00,593.34,650,550,800
2024-02-01 15:15,593.34,650,550,800
2024-02-01 15:30,596.13,650,550,800
2024-02-01 15:45,593.34,650,550,800
2024-02-01 16:00,593.34,650,550,800
2024-02-01 16:15,593.34,650,550,800
2024-02-01 16:30,596.13,650,550,800
2024-02-01 16:45,593.34,650,550,800
2024-02-01 17:00,593.34,650,550,800
2024-02-01 17:15,593.34,650,550,800
2024-02-01 17:30,593.34,650,550,800
2024-02-01 17:45,593.34,650,550,800
2024-02-01 18:00,593.34,650,550,800
2024-02-01 18:15,593.34,650,550,800
2024-02-01 18:30,593.34,650,550,800
2024-02-01 18:45,593.34,650,550,800
2024-02-01 19:00,593.34,650,550,800
2024-02-01 19:15,593.34,650,550,800
2024-02-01 19:30,593.34,650,550,800
2024-02-01 19:45,593.34,650,550,800
2024-02-01 20:00,593.34,650,550,800
2024-02-01 20:15,593.34,650,550,800
2024-02-01 20:30,593.34,650,550,800
2024-02-01 20:45,593.34,650,550,800
2024-02-01 21:00,593.34,650,550,800
2024-02-01 21:15,593.34,650,550,800
2024-02-01 21:30,593.34,650,550,800
2024-02-01 21:45,593.34,650,550,800
2024-02-01 22:00,593.34,650,550,800
2024-02-01 22:15,593.34,650,550,800
2024-02-01 22:30,593.34,650,550,800
2024-02-01 22:45,593.34,650,550,800
2024-02-01 23:00,593.34,650,550,800
2024-02-01 23:15,593.34,650,550,800
2024-02-01 23:30,593.34,650,550,800
2024-02-01 23:45,593.34,650,550,800
2024-02-02 00:00,593.34,650,550,800
2024-02-02 00:15,593.34,650,550,800
2024-02-02 00:30,593.34,650,550,800
2024-02-02 00:45,593.34,650,550,800
2024-02-02 01:00,593.34,650,550,800
2024-02-02 01:15,593.34,650,550,800
2024-02-02 01:30,593.34,650,550,800
2024-02-02 01:45,593.34,650,550,800
2024-02-02 02:00,593.34,650,550,800
2024-02-02 02:15,593.34,650,550,800
2024-02-02 02:30,593.34,650,550,800
2024-02-02 02:45,590.55,650,550,800
2024-02-02 03:00,593.34,650,550,800
2024-02-02 03:15,593.34,650,550,800
2024-02-02 03:30,593.34,650,550,800
2024-02-02 03:45,593.34,650,550,800
2024-02-02 04:00,593.34,650,550,800
2024-02-02 04:15,593.34,650,550,800
2024-02-02 04:30,593.34,650,550,800
2024-02-02 04:45,593.34,650,550,800
2024-02-02 05:00,590.55,650,550,800
2024-02-02 05:15,590.55,650,550,800
2024-02-02 05:30,590.55,650,550,800
2024-02-02 05:45,593.34,650,550,800
2024-02-02 06:00,590.55,650,550,800
2024-02-02 06:15,590.55,650,550,800
2024-02-02 06:30,590.55,650,550,800
2024-02-02 06:45,590.55,650,550,800
2024-02-02 07:00,590.55,650,550,800
2024-02-02 07:15,590.55,650,550,800
2024-02-02 07:30,590.55,650,550,800
2024-02-02 07:45,590.55,650,550,800
2024-02-02 08:00,590.55,650,550,800
2024-02-02 08:15,590.55,650,550,800
2024-02-02 08:30,590.55,650,550,800
2024-02-02 08:45,590.55,650,550,800
2024-02-02 09:00,590.55,650,550,800
2024-02-02 09:15,590.55,650,550,800
2024-02-02 09:30,590.55,650,550,800
2024-02-02 09:45,590.55,650,550,800
2024-02-02 10:00,590.55,650,550,800
2024-02-02 10:15,590.55,650,550,800
2024-02-02 10:30,590.55,650,550,800
2024-02-02 10:45,590.55,650,550,800
2024-02-02 11:00,590.55,650,550,800
2024-02-02 11:15,590.55,650,550,800
2024-02-02 11:30,590.55,650,550,800
2024-02-02 11:45,590.55,650,550,800
2024-02-02 12:00,590.55,650,550,800
2024-02-02 12:15,590.55,650,550,800
2024-02-02 12:30,590.55,650,550,800
2024-02-02 12:45,590.55,650,550,800
2024-02-02 13:00,590.55,650,550,800
2024-02-02 13:15,590.55,650,550,800
2024-02-02 13:30,590.55,650,550,800
2024-02-02 13:45,590.55,650,550,800
2024-02-02 14:00,590.55,650,550,800
2024-02-02 14:15,590.55,650,550,800
2024-02-02 14:30,590.55,650,550,800
2024-02-02 14:45,590.55,650,550,800
2024-02-02 15:00,590.55,650,550,800
2024-02-02 15:15,590.55,650,550,800
2024-02-02 15:30,590.55,650,550,800
2024-02-02 15:45,590.55,650,550,800
2024-02-02 16:00,593.34,650,550,800
2024-02-02 16:15,590.55,650,550,800
2024-02-02 16:30,593.34,650,550,800
2024-02-02 16:45,593.34,650,550,800
2024-02-02 17:00,593.34,650,550,800
2024-02-02 17:15,593.34,650,550,800
2024-02-02 17:30,593.34,650,550,800
2024-02-02 17:45,590.55,650,550,800
2024-02-02 18:00,590.55,650,550,800
2024-02-02 18:15,590.55,650,550,800
2024-02-02 18:30,590.55,650,550,800
2024-02-02 18:45,590.55,650,550,800
2024-02-02 19:00,590.55,650,550,800
2024-02-02 19:15,590.55,650,550,800
2024-02-02 19:30,590.55,650,550,800
2024-02-02 19:45,590.55,650,550,800
2024-02-02 20:00,590.55,650,550,800
2024-02-02 20:15,590.55,650,550,800
2024-02-02 20:30,590.55,650,550,800
2024-02-02 20:45,593.34,650,550,800
2024-02-02 21:00,590.55,650,550,800
2024-02-02 21:15,590.55,650,550,800
2024-02-02 21:30,593.34,650,550,800
2024-02-02 21:45,593.34,650,550,800
2024-02-02 22:00,590.55,650,550,800
2024-02-02 22:15,590.55,650,550,800
2024-02-02 22:30,593.34,650,550,800
2024-02-02 22:45,590.55,650,550,800
2024-02-02 23:00,590.55,650,550,800
2024-02-02 23:15,590.55,650,550,800
2024-02-02 23:30,593.34,650,550,800
2024-02-02 23:45,593.34,650,550,800
2024-02-03 00:00,593.34,650,550,800
2024-02-03 00:15,593.34,650,550,800
2024-02-03 00:30,593.34,650,550,800
2024-02-03 00:45,590.55,650,550,800
2024-02-03 01:00,590.55,650,550,800
2024-02-03 01:15,590.55,650,550,800
2024-02-03 01:30,593.34,650,550,800
2024-02-03 01:45,593.34,650,550,800
2024-02-03 02:00,590.55,650,550,800
2024-02-03 02:15,593.34,650,550,800
2024-02-03 02:30,590.55,650,550,800
2024-02-03 02:45,590.55,650,550,800
2024-02-03 03:00,590.55,650,550,800
2024-02-03 03:15,590.55,650,550,800
2024-02-03 03:30,590.55,650,550,800
2024-02-03 03:45,590.55,650,550,800
2024-02-03 04:00,589.27,650,550,800
2024-02-03 04:15,585.32,650,550,800
2024-02-03 04:30,585.32,650,550,800
2024-02-03 04:45,585.32,650,550,800
2024-02-03 05:00,582.53,650,550,800
2024-02-03 05:15,585.32,650,550,800
2024-02-03 05:30,585.32,650,550,800
2024-02-03 05:45,585.32,650,550,800
2024-02-03 06:00,589.38,650,550,800
2024-02-03 06:15,592.17,650,550,800
2024-02-03 06:30,587.66,650,550,800
