Date,below_Wickiup_Res,BENO,HeadOfPark
2024-01-14 02:45,114.00,239.00,222.27
2024-01-14 03:00,114.00,239.00,222.27
2024-01-14 03:15,114.00,239.00,222.27
2024-01-14 03:30,114.00,239.00,222.27
2024-01-14 03:45,114.00,239.00,222.27
2024-01-14 04:00,114.00,239.00,222.27
2024-01-14 04:15,114.00,239.00,222.27
2024-01-14 04:30,114.00,239.00,222.27
2024-01-14 04:45,114.00,239.00,222.27
2024-01-14 05:00,114.00,239.00,222.27
2024-01-14 05:15,114.00,239.00,222.27
2024-01-14 05:30,114.00,239.00,222.27
2024-01-14 05:45,114.00,239.00,222.27
2024-01-14 06:00,113.00,239.00,222.27
2024-01-14 06:15,113.00,239.00,222.27
2024-01-14 06:30,113.00,245.00,227.85
2024-01-14 06:45,113.00,247.00,229.71
2024-01-14 07:00,113.00,250.00,232.5
2024-01-14 07:15,113.00,253.00,235.29
2024-01-14 07:30,113.00,256.00,238.08
2024-01-14 07:45,113.00,259.00,240.87
2024-01-14 08:00,113.00,262.00,243.66
2024-01-14 08:15,113.00,265.00,246.45
2024-01-14 08:30,113.00,265.00,246.45
2024-01-14 08:45,113.00,267.00,248.31
2024-01-14 09:00,113.00,270.00,251.1
2024-01-14 09:15,113.00,273.00,253.89
2024-01-14 09:30,113.00,273.00,253.89
2024-01-14 09:45,113.00,276.00,256.68
2024-01-14 10:00,113.00,279.00,259.47
2024-01-14 10:15,113.00,282.00,262.26
2024-01-14 10:30,113.00,282.00,262.26
2024-01-14 10:45,113.00,285.00,265.05
2024-01-14 11:00,113.00,285.00,265.05
2024-01-14 11:15,113.00,285.00,265.05
2024-01-14 11:30,113.00,285.00,265.05
2024-01-14 11:45,113.00,285.00,265.05
2024-01-14 12:00,113.00,285.00,265.05
2024-01-14 12:15,113.00,288.00,267.84
2024-01-14 12:30,113.00,288.00,267.84
2024-01-14 12:45,113.00,291.00,270.63
2024-01-14 13:00,113.00,294.00,273.42
2024-01-14 13:15,113.00,297.00,276.21
2024-01-14 13:30,113.00,300.00,279.0
2024-01-14 13:45,113.00,303.00,281.79
2024-01-14 14:00,113.00,306.00,284.58
2024-01-14 14:15,113.00,309.00,287.37
2024-01-14 14:30,113.00,312.00,290.16
2024-01-14 14:45,113.00,315.00,292.95
2024-01-14 15:00,113.00,318.00,295.74
2024-01-14 15:15,113.00,322.00,299.46
2024-01-14 15:30,113.00,325.00,302.25
2024-01-14 15:45,113.00,325.00,302.25
2024-01-14 16:00,113.00,328.00,305.04
2024-01-14 16:15,113.00,328.00,305.04
2024-01-14 16:30,113.00,331.00,307.83
2024-01-14 16:45,113.00,331.00,307.83
2024-01-14 17:00,113.00,331.00,307.83
2024-01-14 17:15,113.00,334.00,310.62
2024-01-14 17:30,113.00,334.00,310.62
2024-01-14 17:45,113.00,334.00,310.62
2024-01-14 18:00,113.00,334.00,310.62
2024-01-14 18:15,113.00,334.00,310.62
2024-01-14 18:30,113.00,334.00,310.62
2024-01-14 18:45,113.00,334.00,310.62
2024-01-14 19:00,113.00,334.00,310.62
2024-01-14 19:15,113.00,334.00,310.62
2024-01-14 19:30,113.00,334.00,310.62
2024-01-14 19:45,113.00,334.00,310.62
2024-01-14 20:00,113.00,337.00,313.41
2024-01-14 20:15,113.00,337.00,313.41
2024-01-14 20:30,113.00,337.00,313.41
2024-01-14 20:45,113.00,341.00,317.13
2024-01-14 21:00,113.00,341.00,317.13
2024-01-14 21:15,113.00,341.00,317.13
2024-01-14 21:30,113.00,344.00,319.92
2024-01-14 21:45,113.00,344.00,319.92
2024-01-14 22:00,113.00,344.00,319.92
2024-01-14 22:15,113.00,344.00,319.92
2024-01-14 22:30,113.00,347.00,322.71
2024-01-14 22:45,113.00,347.00,322.71
2024-01-14 23:00,113.00,347.00,322.71
2024-01-14 23:15,113.00,347.00,322.71
2024-01-14 23:30,113.00,347.00,322.71
2024-01-14 23:45,113.00,350.00,325.5
2024-01-15 00:00,113.00,350.00,325.5
2024-01-15 00:15,113.00,350.00,325.5
2024-01-15 00:30,113.00,350.00,325.5
2024-01-15 00:45,113.00,350.00,325.5
2024-01-15 01:00,113.00,353.00,328.29
2024-01-15 01:15,113.00,353.00,328.29
2024-01-15 01:30,113.00,353.00,328.29
2024-01-15 01:45,113.00,353.00,328.29
2024-01-15 02:00,113.00,357.00,332.01
2024-01-15 02:15,113.00,357.00,332.01
2024-01-15 02:30,113.00,360.00,334.8
2024-01-15 02:45,113.00,360.00,334.8
2024-01-15 03:00,113.00,360.00,334.8
2024-01-15 03:15,113.00,363.00,337.59
2024-01-15 03:30,113.00,363.00,337.59
2024-01-15 03:45,113.00,367.00,341.31
2024-01-15 04:00,113.00,367.00,341.31
2024-01-15 04:15,113.00,370.00,344.1
2024-01-15 04:30,113.00,373.00,346.89
2024-01-15 04:45,113.00,373.00,346.89
2024-01-15 05:00,113.00,376.00,349.68
2024-01-15 05:15,113.00,380.00,353.4
2024-01-15 05:30,113.00,383.00,356.19
2024-01-15 05:45,113.00,387.00,359.91
2024-01-15 06:00,113.00,390.00,362.7
2024-01-15 06:15,113.00,393.00,365.49
2024-01-15 06:30,113.00,397.00,369.21
2024-01-15 06:45,113.00,400.00,372.0
2024-01-15 07:00,113.00,404.00,375.72
2024-01-15 07:15,113.00,407.00,378.51
2024-01-15 07:30,113.00,410.00,381.3
2024-01-15 07:45,113.00,417.00,387.81
2024-01-15 08:00,113.00,421.00,391.53
2024-01-15 08:15,113.00,424.00,394.32
2024-01-15 08:30,113.00,428.00,398.04
2024-01-15 08:45,111.00,431.00,400.83
2024-01-15 09:00,111.00,439.00,408.27
2024-01-15 09:15,111.00,442.00,411.06
2024-01-15 09:30,111.00,446.00,414.78
2024-01-15 09:45,111.00,449.00,417.57
2024-01-15 10:00,111.00,453.00,421.29
2024-01-15 10:15,111.00,456.00,424.08
2024-01-15 10:30,111.00,460.00,427.8
2024-01-15 10:45,111.00,464.00,431.52
2024-01-15 11:00,111.00,467.00,434.31
2024-01-15 11:15,111.00,471.00,438.03
2024-01-15 11:30,111.00,471.00,438.03
2024-01-15 11:45,111.00,475.00,441.75
2024-01-15 12:00,111.00,475.00,441.75
2024-01-15 12:15,111.00,478.00,444.54
2024-01-15 12:30,111.00,482.00,448.26
2024-01-15 12:45,111.00,482.00,448.26
2024-01-15 13:00,111.00,486.00,451.98
2024-01-15 13:15,111.00,490.00,455.7
2024-01-15 13:30,111.00,490.00,455.7
2024-01-15 13:45,111.00,493.00,458.49
2024-01-15 14:00,111.00,497.00,462.21
2024-01-15 14:15,111.00,497.00,462.21
2024-01-15 14:30,111.00,497.00,462.21
2024-01-15 14:45,111.00,500.00,465.0
2024-01-15 15:00,111.00,500.00,465.0
2024-01-15 15:15,111.00,503.00,467.79
2024-01-15 15:30,111.00,503.00,467.79
2024-01-15 15:45,111.00,506.00,470.58
2024-01-15 16:00,111.00,506.00,470.58
2024-01-15 16:15,111.00,509.00,473.37
2024-01-15 16:30,111.00,509.00,473.37
2024-01-15 16:45,111.00,512.00,476.16
2024-01-15 17:00,111.00,516.00,479.88
2024-01-15 17:15,111.00,516.00,479.88
2024-01-15 17:30,111.00,519.00,482.67
2024-01-15 17:45,111.00,522.00,485.46
2024-01-15 18:00,111.00,522.00,485.46
2024-01-15 18:15,111.00,525.00,488.25
2024-01-15 18:30,111.00,528.00,491.04
2024-01-15 18:45,111.00,528.00,491.04
2024-01-15 19:00,111.00,531.00,493.83
2024-01-15 19:15,111.00,531.00,493.83
2024-01-15 19:30,111.00,534.00,496.62
2024-01-15 19:45,111.00,531.00,493.83
2024-01-15 20:00,111.00,531.00,493.83
2024-01-15 20:15,111.00,534.00,496.62
2024-01-15 20:30,111.00,534.00,496.62
2024-01-15 20:45,111.00,534.00,496.62
2024-01-15 21:00,111.00,538.00,500.34
2024-01-15 21:15,111.00,538.00,500.34
2024-01-15 21:30,111.00,538.00,500.34
2024-01-15 21:45,111.00,538.00,500.34
2024-01-15 22:00,111.00,538.00,500.34
2024-01-15 22:15,111.00,541.00,503.13
2024-01-15 22:30,111.00,538.00,500.34
2024-01-15 22:45,111.00,538.00,500.34
2024-01-15 23:00,111.00,538.00,500.34
2024-01-15 23:15,111.00,538.00,500.34
2024-01-15 23:30,111.00,538.00,500.34
2024-01-15 23:45,111.00,538.00,500.34
2024-01-16 00:00,111.00,538.00,500.34
2024-01-16 00:15,111.00,538.00,500.34
2024-01-16 00:30,111.00,538.00,500.34
2024-01-16 00:45,111.00,538.00,500.34
2024-01-16 01:00,111.00,534.00,496.62
2024-01-16 01:15,111.00,534.00,496.62
2024-01-16 01:30,111.00,531.00,493.83
2024-01-16 01:45,111.00,531.00,493.83
2024-01-16 02:00,111.00,531.00,493.83
2024-01-16 02:15,111.00,528.00,491.04
2024-01-16 02:30,111.00,528.00,491.04
2024-01-16 02:45,111.00,528.00,491.04
2024-01-16 03:00,111.00,525.00,488.25
2024-01-16 03:15,111.00,525.00,488.25
2024-01-16 03:30,111.00,525.00,488.25
2024-01-16 03:45,111.00,525.00,488.25
2024-01-16 04:00,111.00,522.00,485.46
2024-01-16 04:15,111.00,522.00,485.46
2024-01-16 04:30,111.00,519.00,482.67
2024-01-16 04:45,111.00,519.00,482.67
2024-01-16 05:00,111.00,519.00,482.67
2024-01-16 05:15,111.00,516.00,479.88
2024-01-16 05:30,111.00,516.00,479.88
2024-01-16 05:45,111.00,516.00,479.88
2024-01-16 06:00,111.00,512.00,476.16
2024-01-16 06:15,111.00,512.00,476.16
2024-01-16 06:30,111.00,509.00,473.37
2024-01-16 06:45,111.00,512.00,476.16
2024-01-16 07:00,111.00,509.00,473.37
2024-01-16 07:15,111.00,509.00,473.37
2024-01-16 07:30,111.00,506.00,470.58
2024-01-16 07:45,111.00,506.00,470.58
2024-01-16 08:00,111.00,506.00,470.58
2024-01-16 08:15,111.00,506.00,470.58
2024-01-16 08:30,111.00,506.00,470.58
2024-01-16 08:45,111.00,506.00,470.58
2024-01-16 09:00,111.00,503.00,467.79
2024-01-16 09:15,111.00,503.00,467.79
2024-01-16 09:30,111.00,500.00,465.0
2024-01-16 09:45,111.00,500.00,465.0
2024-01-16 10:00,111.00,500.00,465.0
2024-01-16 10:15,111.00,500.00,465.0
2024-01-16 10:30,111.00,500.00,465.0
2024-01-16 10:45,111.00,500.00,465.0
2024-01-16 11:00,111.00,497.00,462.21
2024-01-16 11:15,111.00,497.00,462.21
2024-01-16 11:30,111.00,497.00,462.21
2024-01-16 11:45,111.00,497.00,462.21
2024-01-16 12:00,111.00,493.00,458.49
2024-01-16 12:15,111.00,493.00,458.49
2024-01-16 12:30,111.00,493.00,458.49
2024-01-16 12:45,111.00,493.00,458.49
2024-01-16 13:00,111.00,490.00,455.7
2024-01-16 13:15,111.00,490.00,455.7
2024-01-16 13:30,111.00,490.00,455.7
2024-01-16 13:45,111.00,490.00,455.7
2024-01-16 14:00,111.00,490.00,455.7
2024-01-16 14:15,111.00,490.00,455.7
2024-01-16 14:30,111.00,490.00,455.7
2024-01-16 14:45,111.00,490.00,455.7
2024-01-16 15:00,111.00,490.00,455.7
2024-01-16 15:15,111.00,490.00,455.7
2024-01-16 15:30,111.00,490.00,455.7
2024-01-16 15:45,111.00,490.00,455.7
2024-01-16 16:00,111.00,490.00,455.7
2024-01-16 16:15,111.00,490.00,455.7
2024-01-16 16:30,111.00,490.00,455.7
2024-01-16 16:45,111.00,490.00,455.7
2024-01-16 17:00,111.00,490.00,455.7
2024-01-16 17:15,111.00,490.00,455.7
2024-01-16 17:30,111.00,490.00,455.7
2024-01-16 17:45,111.00,490.00,455.7
2024-01-16 18:00,111.00,490.00,455.7
2024-01-16 18:15,111.00,490.00,455.7
2024-01-16 18:30,111.00,490.00,455.7
2024-01-16 18:45,111.00,490.00,455.7
2024-01-16 19:00,111.00,490.00,455.7
2024-01-16 19:15,111.00,490.00,455.7
2024-01-16 19:30,111.00,490.00,455.7
2024-01-16 19:45,111.00,490.00,455.7
2024-01-16 20:00,111.00,490.00,455.7
2024-01-16 20:15,111.00,490.00,455.7
2024-01-16 20:30,111.00,486.00,451.98
2024-01-16 20:45,111.00,486.00,451.98
2024-01-16 21:00,111.00,486.00,451.98
2024-01-16 21:15,111.00,486.00,451.98
2024-01-16 21:30,111.00,486.00,451.98
2024-01-16 21:45,111.00,486.00,451.98
2024-01-16 22:00,111.00,482.00,448.26
2024-01-16 22:15,111.00,482.00,448.26
2024-01-16 22:30,111.00,482.00,448.26
2024-01-16 22:45,111.00,482.00,448.26
2024-01-16 23:00,111.00,482.00,448.26
2024-01-16 23:15,111.00,482.00,448.26
2024-01-16 23:30,111.00,478.00,444.54
2024-01-16 23:45,111.00,478.00,444.54
2024-01-17 00:00,111.00,478.00,444.54
2024-01-17 00:15,111.00,478.00,444.54
2024-01-17 00:30,111.00,478.00,444.54
2024-01-17 00:45,111.00,478.00,444.54
2024-01-17 01:00,111.00,478.00,444.54
2024-01-17 01:15,111.00,478.00,444.54
2024-01-17 01:30,111.00,478.00,444.54
2024-01-17 01:45,111.00,478.00,444.54
2024-01-17 02:00,111.00,475.00,441.75
2024-01-17 02:15,111.00,475.00,441.75
2024-01-17 02:30,111.00,475.00,441.75
2024-01-17 02:45,111.00,478.00,444.54
2024-01-17 03:00,111.00,478.00,444.54
2024-01-17 03:15,111.00,475.00,441.75
2024-01-17 03:30,111.00,475.00,441.75
2024-01-17 03:45,111.00,475.00,441.75
2024-01-17 04:00,111.00,475.00,441.75
2024-01-17 04:15,111.00,475.00,441.75
2024-01-17 04:30,111.00,471.00,438.03
2024-01-17 04:45,111.00,471.00,438.03
2024-01-17 05:00,111.00,471.00,438.03
2024-01-17 05:15,111.00,471.00,438.03
2024-01-17 05:30,111.00,467.00,434.31
2024-01-17 05:45,111.00,467.00,434.31
2024-01-17 06:00,111.00,467.00,434.31
2024-01-17 06:15,111.00,467.00,434.31
2024-01-17 06:30,111.00,467.00,434.31
2024-01-17 06:45,111.00,467.00,434.31
2024-01-17 07:00,111.00,467.00,434.31
2024-01-17 07:15,111.00,467.00,434.31
2024-01-17 07:30,111.00,467.00,434.31
2024-01-17 07:45,111.00,467.00,434.31
2024-01-17 08:00,111.00,467.00,434.31
2024-01-17 08:15,111.00,467.00,434.31
2024-01-17 08:30,111.00,464.00,431.52
2024-01-17 08:45,111.00,464.00,431.52
2024-01-17 09:00,111.00,464.00,431.52
2024-01-17 09:15,111.00,464.00,431.52
2024-01-17 09:30,111.00,464.00,431.52
2024-01-17 09:45,111.00,464.00,431.52
2024-01-17 10:00,111.00,464.00,431.52
2024-01-17 10:15,111.00,464.00,431.52
2024-01-17 10:30,111.00,464.00,431.52
2024-01-17 10:45,111.00,467.00,434.31
2024-01-17 11:00,111.00,467.00,434.31
2024-01-17 11:15,111.00,464.00,431.52
2024-01-17 11:30,111.00,464.00,431.52
2024-01-17 11:45,111.00,464.00,431.52
2024-01-17 12:00,111.00,464.00,431.52
2024-01-17 12:15,111.00,464.00,431.52
2024-01-17 12:30,111.00,467.00,434.31
2024-01-17 12:45,111.00,467.00,434.31
2024-01-17 13:00,111.00,467.00,434.31
2024-01-17 13:15,111.00,467.00,434.31
2024-01-17 13:30,111.00,467.00,434.31
2024-01-17 13:45,111.00,467.00,434.31
2024-01-17 14:00,111.00,464.00,431.52
2024-01-17 14:15,111.00,464.00,431.52
2024-01-17 14:30,111.00,464.00,431.52
2024-01-17 14:45,111.00,464.00,431.52
2024-01-17 15:00,111.00,464.00,431.52
2024-01-17 15:15,111.00,467.00,434.31
2024-01-17 15:30,111.00,464.00,431.52
2024-01-17 15:45,111.00,464.00,431.52
2024-01-17 16:00,111.00,467.00,434.31
2024-01-17 16:15,111.00,464.00,431.52
2024-01-17 16:30,111.00,464.00,431.52
2024-01-17 16:45,111.00,460.00,427.8
2024-01-17 17:00,111.00,460.00,427.8
2024-01-17 17:15,111.00,460.00,427.8
2024-01-17 17:30,111.00,460.00,427.8
2024-01-17 17:45,109.00,456.00,424.08
2024-01-17 18:00,109.00,456.00,424.08
2024-01-17 18:15,109.00,456.00,424.08
2024-01-17 18:30,109.00,460.00,427.8
2024-01-17 18:45,109.00,460.00,427.8
2024-01-17 19:00,108.00,460.00,427.8
2024-01-17 19:15,108.00,460.00,427.8
2024-01-17 19:30,108.00,460.00,427.8
2024-01-17 19:45,108.00,460.00,427.8
2024-01-17 20:00,108.00,460.00,427.8
2024-01-17 20:15,108.00,460.00,427.8
2024-01-17 20:30,108.00,460.00,427.8
2024-01-17 20:45,108.00,464.00,431.52
2024-01-17 21:00,108.00,467.00,434.31
2024-01-17 21:15,108.00,471.00,438.03
2024-01-17 21:30,108.00,467.00,434.31
2024-01-17 21:45,108.00,467.00,434.31
2024-01-17 22:00,108.00,464.00,431.52
2024-01-17 22:15,108.00,464.00,431.52
2024-01-17 22:30,108.00,464.00,431.52
2024-01-17 22:45,108.00,464.00,431.52
2024-01-17 23:00,108.00,464.00,431.52
2024-01-17 23:15,108.00,464.00,431.52
2024-01-17 23:30,108.00,464.00,431.52
2024-01-17 23:45,108.00,464.00,431.52
2024-01-18 00:00,108.00,464.00,431.52
2024-01-18 00:15,108.00,464.00,431.52
2024-01-18 00:30,108.00,464.00,431.52
2024-01-18 00:45,108.00,467.00,434.31
2024-01-18 01:00,108.00,467.00,434.31
2024-01-18 01:15,108.00,464.00,431.52
2024-01-18 01:30,108.00,467.00,434.31
2024-01-18 01:45,108.00,467.00,434.31
2024-01-18 02:00,108.00,467.00,434.31
2024-01-18 02:15,108.00,467.00,434.31
2024-01-18 02:30,108.00,467.00,434.31
2024-01-18 02:45,108.00,467.00,434.31
2024-01-18 03:00,108.00,467.00,434.31
2024-01-18 03:15,108.00,467.00,434.31
2024-01-18 03:30,108.00,467.00,434.31
2024-01-18 03:45,108.00,467.00,434.31
2024-01-18 04:00,108.00,467.00,434.31
2024-01-18 04:15,108.00,467.00,434.31
2024-01-18 04:30,108.00,467.00,434.31
2024-01-18 04:45,108.00,467.00,434.31
2024-01-18 05:00,108.00,471.00,438.03
2024-01-18 05:15,108.00,471.00,438.03
2024-01-18 05:30,108.00,471.00,438.03
2024-01-18 05:45,108.00,471.00,438.03
2024-01-18 06:00,108.00,471.00,438.03
2024-01-18 06:15,108.00,471.00,438.03
2024-01-18 06:30,108.00,471.00,438.03
2024-01-18 06:45,108.00,471.00,438.03
2024-01-18 07:00,108.00,471.00,438.03
2024-01-18 07:15,108.00,471.00,438.03
2024-01-18 07:30,108.00,471.00,438.03
2024-01-18 07:45,108.00,471.00,438.03
2024-01-18 08:00,108.00,471.00,438.03
2024-01-18 08:15,108.00,471.00,438.03
2024-01-18 08:30,108.00,475.00,441.75
2024-01-18 08:45,108.00,475.00,441.75
2024-01-18 09:00,108.00,471.00,438.03
2024-01-18 09:15,108.00,475.00,441.75
2024-01-18 09:30,108.00,475.00,441.75
2024-01-18 09:45,108.00,475.00,441.75
2024-01-18 10:00,108.00,475.00,441.75
2024-01-18 10:15,108.00,475.00,441.75
2024-01-18 10:30,108.00,475.00,441.75
2024-01-18 10:45,108.00,475.00,441.75
2024-01-18 11:00,108.00,475.00,441.75
2024-01-18 11:15,108.00,475.00,441.75
2024-01-18 11:30,108.00,475.00,441.75
2024-01-18 11:45,108.00,475.00,441.75
2024-01-18 12:00,108.00,478.00,444.54
2024-01-18 12:15,108.00,478.00,444.54
2024-01-18 12:30,108.00,478.00,444.54
2024-01-18 12:45,108.00,478.00,444.54
2024-01-18 13:00,108.00,478.00,444.54
2024-01-18 13:15,108.00,478.00,444.54
2024-01-18 13:30,108.00,478.00,444.54
2024-01-18 13:45,108.00,478.00,444.54
2024-01-18 14:00,108.00,482.00,448.26
2024-01-18 14:15,108.00,478.00,444.54
2024-01-18 14:30,108.00,482.00,448.26
2024-01-18 14:45,108.00,482.00,448.26
2024-01-18 15:00,108.00,482.00,448.26
2024-01-18 15:15,108.00,482.00,448.26
2024-01-18 15:30,108.00,482.00,448.26
2024-01-18 15:45,108.00,482.00,448.26
2024-01-18 16:00,108.00,482.00,448.26
2024-01-18 16:15,108.00,486.00,451.98
2024-01-18 16:30,108.00,486.00,451.98
2024-01-18 16:45,108.00,486.00,451.98
2024-01-18 17:00,108.00,486.00,451.98
2024-01-18 17:15,108.00,486.00,451.98
2024-01-18 17:30,108.00,486.00,451.98
2024-01-18 17:45,108.00,486.00,451.98
2024-01-18 18:00,108.00,490.00,455.7
2024-01-18 18:15,108.00,490.00,455.7
2024-01-18 18:30,108.00,490.00,455.7
2024-01-18 18:45,108.00,490.00,455.7
2024-01-18 19:00,108.00,490.00,455.7
2024-01-18 19:15,108.00,490.00,455.7
2024-01-18 19:30,108.00,490.00,455.7
2024-01-18 19:45,108.00,490.00,455.7
2024-01-18 20:00,108.00,490.00,455.7
2024-01-18 20:15,108.00,490.00,455.7
2024-01-18 20:30,108.00,490.00,455.7
2024-01-18 20:45,108.00,490.00,455.7
2024-01-18 21:00,108.00,493.00,458.49
2024-01-18 21:15,108.00,493.00,458.49
2024-01-18 21:30,108.00,493.00,458.49
2024-01-18 21:45,108.00,493.00,458.49
2024-01-18 22:00,108.00,493.00,458.49
2024-01-18 22:15,108.00,493.00,458.49
2024-01-18 22:30,108.00,493.00,458.49
2024-01-18 22:45,108.00,490.00,455.7
2024-01-18 23:00,108.00,493.00,458.49
2024-01-18 23:15,108.00,493.00,458.49
2024-01-18 23:30,108.00,493.00,458.49
2024-01-18 23:45,108.00,493.00,458.49
2024-01-19 00:00,108.00,493.00,458.49
2024-01-19 00:15,108.00,493.00,458.49
2024-01-19 00:30,108.00,493.00,458.49
2024-01-19 00:45,108.00,493.00,458.49
2024-01-19 01:00,108.00,493.00,458.49
2024-01-19 01:15,108.00,493.00,458.49
2024-01-19 01:30,108.00,493.00,458.49
2024-01-19 01:45,108.00,493.00,458.49
2024-01-19 02:00,108.00,493.00,458.49
2024-01-19 02:15,108.00,493.00,458.49
2024-01-19 02:30,108.00,493.00,458.49
2024-01-19 02:45,108.00,493.00,458.49
2024-01-19 03:00,108.00,493.00,458.49
2024-01-19 03:15,108.00,493.00,458.49
2024-01-19 03:30,108.00,493.00,458.49
2024-01-19 03:45,108.00,493.00,458.49
2024-01-19 04:00,108.00,493.00,458.49
2024-01-19 04:15,108.00,493.00,458.49
2024-01-19 04:30,108.00,493.00,458.49
2024-01-19 04:45,108.00,493.00,458.49
2024-01-19 05:00,108.00,493.00,458.49
2024-01-19 05:15,108.00,493.00,458.49
2024-01-19 05:30,108.00,493.00,458.49
2024-01-19 05:45,108.00,493.00,458.49
2024-01-19 06:00,108.00,493.00,458.49
2024-01-19 06:15,108.00,493.00,458.49
2024-01-19 06:30,108.00,493.00,458.49
2024-01-19 06:45,108.00,493.00,458.49
2024-01-19 07:00,108.00,493.00,458.49
2024-01-19 07:15,108.00,493.00,458.49
2024-01-19 07:30,108.00,493.00,458.49
2024-01-19 07:45,108.00,493.00,458.49
2024-01-19 08:00,108.00,493.00,458.49
2024-01-19 08:15,108.00,493.00,458.49
2024-01-19 08:30,108.00,493.00,458.49
2024-01-19 08:45,108.00,493.00,458.49
2024-01-19 09:00,108.00,493.00,458.49
2024-01-19 09:15,108.00,493.00,458.49
2024-01-19 09:30,108.00,493.00,458.49
2024-01-19 09:45,108.00,493.00,458.49
2024-01-19 10:00,108.00,493.00,458.49
2024-01-19 10:15,108.00,493.00,458.49
2024-01-19 10:30,108.00,490.00,455.7
2024-01-19 10:45,108.00,490.00,455.7
2024-01-19 11:00,108.00,490.00,455.7
2024-01-19 11:15,108.00,493.00,458.49
2024-01-19 11:30,108.00,493.00,458.49
2024-01-19 11:45,108.00,490.00,455.7
2024-01-19 12:00,108.00,490.00,455.7
2024-01-19 12:15,108.00,490.00,455.7
2024-01-19 12:30,108.00,490.00,455.7
2024-01-19 12:45,106.00,490.00,455.7
2024-01-19 13:00,106.00,490.00,455.7
2024-01-19 13:15,106.00,490.00,455.7
2024-01-19 13:30,106.00,490.00,455.7
2024-01-19 13:45,106.00,490.00,455.7
2024-01-19 14:00,106.00,490.00,455.7
2024-01-19 14:15,106.00,486.00,451.98
2024-01-19 14:30,106.00,490.00,455.7
2024-01-19 14:45,106.00,486.00,451.98
2024-01-19 15:00,106.00,486.00,451.98
2024-01-19 15:15,106.00,486.00,451.98
2024-01-19 15:30,106.00,486.00,451.98
2024-01-19 15:45,106.00,486.00,451.98
2024-01-19 16:00,106.00,486.00,451.98
2024-01-19 16:15,106.00,486.00,451.98
2024-01-19 16:30,106.00,486.00,451.98
2024-01-19 16:45,106.00,486.00,451.98
2024-01-19 17:00,106.00,486.00,451.98
2024-01-19 17:15,106.00,486.00,451.98
2024-01-19 17:30,106.00,486.00,451.98
2024-01-19 17:45,106.00,486.00,451.98
2024-01-19 18:00,106.00,486.00,451.98
2024-01-19 18:15,106.00,486.00,451.98
2024-01-19 18:30,106.00,486.00,451.98
2024-01-19 18:45,106.00,486.00,451.98
2024-01-19 19:00,106.00,486.00,451.98
2024-01-19 19:15,106.00,486.00,451.98
2024-01-19 19:30,106.00,486.00,451.98
2024-01-19 19:45,106.00,486.00,451.98
2024-01-19 20:00,106.00,486.00,451.98
2024-01-19 20:15,106.00,482.00,448.26
2024-01-19 20:30,106.00,486.00,451.98
2024-01-19 20:45,106.00,486.00,451.98
2024-01-19 21:00,106.00,482.00,448.26
2024-01-19 21:15,106.00,482.00,448.26
2024-01-19 21:30,106.00,482.00,448.26
2024-01-19 21:45,106.00,482.00,448.26
2024-01-19 22:00,106.00,482.00,448.26
2024-01-19 22:15,106.00,482.00,448.26
2024-01-19 22:30,106.00,482.00,448.26
2024-01-19 22:45,106.00,482.00,448.26
2024-01-19 23:00,106.00,482.00,448.26
2024-01-19 23:15,106.00,482.00,448.26
2024-01-19 23:30,106.00,482.00,448.26
2024-01-19 23:45,106.00,482.00,448.26
2024-01-20 00:00,106.00,478.00,444.54
2024-01-20 00:15,106.00,478.00,444.54
2024-01-20 00:30,106.00,478.00,444.54
2024-01-20 00:45,106.00,478.00,444.54
2024-01-20 01:00,106.00,478.00,444.54
2024-01-20 01:15,106.00,482.00,448.26
2024-01-20 01:30,106.00,478.00,444.54
2024-01-20 01:45,106.00,478.00,444.54
2024-01-20 02:00,106.00,478.00,444.54
2024-01-20 02:15,106.00,478.00,444.54
2024-01-20 02:30,106.00,478.00,444.54
2024-01-20 02:45,106.00,478.00,444.54
2024-01-20 03:00,106.00,478.00,444.54
2024-01-20 03:15,106.00,478.00,444.54
2024-01-20 03:30,106.00,478.00,444.54
2024-01-20 03:45,106.00,478.00,444.54
2024-01-20 04:00,106.00,478.00,444.54
2024-01-20 04:15,106.00,478.00,444.54
2024-01-20 04:30,106.00,478.00,444.54
2024-01-20 04:45,106.00,478.00,444.54
2024-01-20 05:00,106.00,478.00,444.54
2024-01-20 05:15,106.00,478.00,444.54
2024-01-20 05:30,106.00,478.00,444.54
2024-01-20 05:45,106.00,478.00,444.54
2024-01-20 06:00,106.00,478.00,444.54
2024-01-20 06:15,106.00,475.00,441.75
2024-01-20 06:30,106.00,475.00,441.75
2024-01-20 06:45,106.00,475.00,441.75
2024-01-20 07:00,106.00,475.00,441.75
2024-01-20 07:15,106.00,475.00,441.75
2024-01-20 07:30,106.00,475.00,441.75
2024-01-20 07:45,106.00,475.00,441.75
2024-01-20 08:00,106.00,478.00,444.54
2024-01-20 08:15,106.00,475.00,441.75
2024-01-20 08:30,106.00,475.00,441.75
2024-01-20 08:45,106.00,475.00,441.75
2024-01-20 09:00,106.00,475.00,441.75
2024-01-20 09:15,106.00,475.00,441.75
2024-01-20 09:30,106.00,475.00,441.75
2024-01-20 09:45,106.00,475.00,441.75
2024-01-20 10:00,106.00,475.00,441.75
2024-01-20 10:15,106.00,475.00,441.75
2024-01-20 10:30,106.00,475.00,441.75
2024-01-20 10:45,106.00,475.00,441.75
2024-01-20 11:00,106.00,475.00,441.75
2024-01-20 11:15,106.00,471.00,438.03
2024-01-20 11:30,105.00,471.00,438.03
2024-01-20 11:45,105.00,471.00,438.03
2024-01-20 12:00,105.00,471.00,438.03
2024-01-20 12:15,105.00,471.00,438.03
2024-01-20 12:30,106.00,471.00,438.03
2024-01-20 12:45,106.00,471.00,438.03
2024-01-20 13:00,106.00,471.00,438.03
2024-01-20 13:15,106.00,471.00,438.03
2024-01-20 13:30,105.00,471.00,438.03
2024-01-20 13:45,105.00,471.00,438.03
2024-01-20 14:00,105.00,471.00,438.03
2024-01-20 14:15,105.00,471.00,438.03
2024-01-20 14:30,105.00,471.00,438.03
2024-01-20 14:45,105.00,471.00,438.03
2024-01-20 15:00,105.00,471.00,438.03
2024-01-20 15:15,106.00,471.00,438.03
2024-01-20 15:30,106.00,471.00,438.03
2024-01-20 15:45,106.00,471.00,438.03
2024-01-20 16:00,106.00,471.00,438.03
2024-01-20 16:15,106.00,471.00,438.03
2024-01-20 16:30,106.00,471.00,438.03
2024-01-20 16:45,106.00,471.00,438.03
2024-01-20 17:00,106.00,471.00,438.03
2024-01-20 17:15,106.00,471.00,438.03
2024-01-20 17:30,106.00,471.00,438.03
2024-01-20 17:45,106.00,471.00,438.03
2024-01-20 18:00,105.00,471.00,438.03
2024-01-20 18:15,106.00,471.00,438.03
2024-01-20 18:30,106.00,471.00,438.03
2024-01-20 18:45,105.00,471.00,438.03
2024-01-20 19:00,105.00,475.00,441.75
2024-01-20 19:15,106.00,471.00,438.03
2024-01-20 19:30,105.00,471.00,438.03
2024-01-20 19:45,105.00,475.00,441.75
2024-01-20 20:00,105.00,475.00,441.75
2024-01-20 20:15,105.00,475.00,441.75
2024-01-20 20:30,105.00,475.00,441.75
2024-01-20 20:45,105.00,471.00,438.03
2024-01-20 21:00,105.00,471.00,438.03
2024-01-20 21:15,105.00,471.00,438.03
2024-01-20 21:30,105.00,471.00,438.03
2024-01-20 21:45,105.00,471.00,438.03
2024-01-20 22:00,105.00,471.00,438.03
2024-01-20 22:15,105.00,471.00,438.03
2024-01-20 22:30,105.00,471.00,438.03
2024-01-20 22:45,105.00,471.00,438.03
2024-01-20 23:00,105.00,471.00,438.03
2024-01-20 23:15,105.00,471.00,438.03
2024-01-20 23:30,105.00,471.00,438.03
2024-01-20 23:45,106.00,471.00,438.03
2024-01-21 00:00,105.00,471.00,438.03
2024-01-21 00:15,105.00,471.00,438.03
2024-01-21 00:30,105.00,475.00,441.75
2024-01-21 00:45,105.00,471.00,438.03
2024-01-21 01:00,105.00,471.00,438.03
2024-01-21 01:15,105.00,471.00,438.03
2024-01-21 01:30,105.00,471.00,438.03
2024-01-21 01:45,105.00,471.00,438.03
2024-01-21 02:00,105.00,475.00,441.75
2024-01-21 02:15,105.00,475.00,441.75
2024-01-21 02:30,105.00,475.00,441.75
2024-01-21 02:45,105.00,475.00,441.75
2024-01-21 03:00,105.00,475.00,441.75
2024-01-21 03:15,105.00,475.00,441.75
2024-01-21 03:30,105.00,475.00,441.75
2024-01-21 03:45,105.00,475.00,441.75
2024-01-21 04:00,105.00,475.00,441.75
2024-01-21 04:15,105.00,475.00,441.75
2024-01-21 04:30,105.00,475.00,441.75
2024-01-21 04:45,105.00,475.00,441.75
2024-01-21 05:00,105.00,475.00,441.75
2024-01-21 05:15,105.00,475.00,441.75
2024-01-21 05:30,105.00,475.00,441.75
2024-01-21 05:45,106.00,475.00,441.75
2024-01-21 06:00,106.00,475.00,441.75
2024-01-21 06:15,105.00,475.00,441.75
2024-01-21 06:30,105.00,475.00,441.75
2024-01-21 06:45,105.00,478.00,444.54
2024-01-21 07:00,105.00,475.00,441.75
2024-01-21 07:15,105.00,475.00,441.75
2024-01-21 07:30,105.00,475.00,441.75
2024-01-21 07:45,105.00,478.00,444.54
2024-01-21 08:00,105.00,478.00,444.54
2024-01-21 08:15,105.00,475.00,441.75
2024-01-21 08:30,105.00,478.00,444.54
2024-01-21 08:45,106.00,478.00,444.54
2024-01-21 09:00,106.00,478.00,444.54
2024-01-21 09:15,106.00,478.00,444.54
2024-01-21 09:30,106.00,478.00,444.54
2024-01-21 09:45,106.00,478.00,444.54
2024-01-21 10:00,106.00,478.00,444.54
2024-01-21 10:15,106.00,478.00,444.54
2024-01-21 10:30,106.00,482.00,448.26
2024-01-21 10:45,106.00,478.00,444.54
2024-01-21 11:00,105.00,482.00,448.26
2024-01-21 11:15,106.00,482.00,448.26
2024-01-21 11:30,106.00,482.00,448.26
2024-01-21 11:45,105.00,482.00,448.26
2024-01-21 12:00,105.00,482.00,448.26
2024-01-21 12:15,106.00,482.00,448.26
2024-01-21 12:30,105.00,482.00,448.26
2024-01-21 12:45,105.00,482.00,448.26
2024-01-21 13:00,105.00,482.00,448.26
2024-01-21 13:15,105.00,478.00,444.54
2024-01-21 13:30,105.00,482.00,448.26
2024-01-21 13:45,105.00,482.00,448.26
2024-01-21 14:00,105.00,482.00,448.26
2024-01-21 14:15,105.00,482.00,448.26
2024-01-21 14:30,105.00,482.00,448.26
2024-01-21 14:45,105.00,482.00,448.26
2024-01-21 15:00,105.00,482.00,448.26
2024-01-21 15:15,105.00,482.00,448.26
2024-01-21 15:30,105.00,482.00,448.26
2024-01-21 15:45,105.00,482.00,448.26
2024-01-21 16:00,105.00,482.00,448.26
2024-01-21 16:15,105.00,482.00,448.26
2024-01-21 16:30,106.00,482.00,448.26
2024-01-21 16:45,106.00,482.00,448.26
2024-01-21 17:00,106.00,482.00,448.26
2024-01-21 17:15,105.00,482.00,448.26
2024-01-21 17:30,106.00,482.00,448.26
2024-01-21 17:45,106.00,482.00,448.26
2024-01-21 18:00,106.00,486.00,451.98
2024-01-21 18:15,106.00,482.00,448.26
2024-01-21 18:30,106.00,486.00,451.98
2024-01-21 18:45,106.00,486.00,451.98
2024-01-21 19:00,106.00,486.00,451.98
2024-01-21 19:15,106.00,486.00,451.98
2024-01-21 19:30,106.00,486.00,451.98
2024-01-21 19:45,106.00,490.00,455.7
2024-01-21 20:00,106.00,490.00,455.7
2024-01-21 20:15,106.00,490.00,455.7
2024-01-21 20:30,106.00,490.00,455.7
2024-01-21 20:45,106.00,490.00,455.7
2024-01-21 21:00,106.00,490.00,455.7
2024-01-21 21:15,106.00,490.00,455.7
2024-01-21 21:30,106.00,490.00,455.7
2024-01-21 21:45,106.00,493.00,458.49
2024-01-21 22:00,106.00,493.00,458.49
2024-01-21 22:15,106.00,493.00,458.49
2024-01-21 22:30,106.00,493.00,458.49
2024-01-21 22:45,106.00,493.00,458.49
2024-01-21 23:00,106.00,493.00,458.49
2024-01-21 23:15,106.00,497.00,462.21
2024-01-21 23:30,106.00,493.00,458.49
2024-01-21 23:45,106.00,493.00,458.49
2024-01-22 00:00,106.00,497.00,462.21
2024-01-22 00:15,106.00,497.00,462.21
2024-01-22 00:30,106.00,497.00,462.21
2024-01-22 00:45,106.00,497.00,462.21
2024-01-22 01:00,106.00,497.00,462.21
2024-01-22 01:15,106.00,497.00,462.21
2024-01-22 01:30,106.00,497.00,462.21
2024-01-22 01:45,106.00,497.00,462.21
2024-01-22 02:00,106.00,500.00,465.0
2024-01-22 02:15,106.00,500.00,465.0
2024-01-22 02:30,106.00,500.00,465.0
2024-01-22 02:45,106.00,500.00,465.0
2024-01-22 03:00,106.00,500.00,465.0
2024-01-22 03:15,106.00,500.00,465.0
2024-01-22 03:30,106.00,500.00,465.0
2024-01-22 03:45,106.00,500.00,465.0
2024-01-22 04:00,106.00,500.00,465.0
2024-01-22 04:15,106.00,500.00,465.0
2024-01-22 04:30,106.00,500.00,465.0
2024-01-22 04:45,106.00,503.00,467.79
2024-01-22 05:00,106.00,503.00,467.79
2024-01-22 05:15,106.00,503.00,467.79
2024-01-22 05:30,106.00,503.00,467.79
2024-01-22 05:45,106.00,503.00,467.79
2024-01-22 06:00,106.00,503.00,467.79
2024-01-22 06:15,106.00,503.00,467.79
2024-01-22 06:30,106.00,503.00,467.79
2024-01-22 06:45,106.00,503.00,467.79
2024-01-22 07:00,105.00,503.00,467.79
2024-01-22 07:15,106.00,503.00,467.79
2024-01-22 07:30,106.00,503.00,467.79
2024-01-22 07:45,106.00,503.00,467.79
2024-01-22 08:00,106.00,503.00,467.79
2024-01-22 08:15,106.00,503.00,467.79
2024-01-22 08:30,106.00,503.00,467.79
2024-01-22 08:45,106.00,503.00,467.79
2024-01-22 09:00,105.00,506.00,470.58
2024-01-22 09:15,105.00,503.00,467.79
2024-01-22 09:30,105.00,503.00,467.79
2024-01-22 09:45,106.00,506.00,470.58
2024-01-22 10:00,106.00,506.00,470.58
2024-01-22 10:15,106.00,506.00,470.58
2024-01-22 10:30,106.00,506.00,470.58
2024-01-22 10:45,105.00,506.00,470.58
2024-01-22 11:00,105.00,506.00,470.58
2024-01-22 11:15,105.00,506.00,470.58
2024-01-22 11:30,106.00,506.00,470.58
2024-01-22 11:45,105.00,506.00,470.58
2024-01-22 12:00,106.00,506.00,470.58
2024-01-22 12:15,106.00,506.00,470.58
2024-01-22 12:30,105.00,506.00,470.58
2024-01-22 12:45,106.00,506.00,470.58
2024-01-22 13:00,105.00,506.00,470.58
2024-01-22 13:15,105.00,506.00,470.58
2024-01-22 13:30,105.00,506.00,470.58
2024-01-22 13:45,106.00,506.00,470.58
2024-01-22 14:00,106.00,506.00,470.58
2024-01-22 14:15,106.00,506.00,470.58
2024-01-22 14:30,96.70,509.00,473.37
2024-01-22 14:45,88.80,509.00,473.37
2024-01-22 15:00,85.20,506.00,470.58
2024-01-22 15:15,83.40,509.00,473.37
2024-01-22 15:30,81.60,509.00,473.37
2024-01-22 15:45,81.60,509.00,473.37
2024-01-22 16:00,81.60,509.00,473.37
2024-01-22 16:15,81.60,509.00,473.37
2024-01-22 16:30,79.80,509.00,473.37
2024-01-22 16:45,81.60,509.00,473.37
2024-01-22 17:00,83.40,509.00,473.37
2024-01-22 17:15,83.40,509.00,473.37
2024-01-22 17:30,85.20,509.00,473.37
2024-01-22 17:45,85.20,509.00,473.37
2024-01-22 18:00,85.20,509.00,473.37
2024-01-22 18:15,85.20,509.00,473.37
2024-01-22 18:30,85.20,509.00,473.37
2024-01-22 18:45,85.20,509.00,473.37
2024-01-22 19:00,85.20,509.00,473.37
2024-01-22 19:15,85.20,509.00,473.37
2024-01-22 19:30,85.20,509.00,473.37
2024-01-22 19:45,85.20,509.00,473.37
2024-01-22 20:00,85.20,512.00,476.16
2024-01-22 20:15,85.20,509.00,473.37
2024-01-22 20:30,85.20,509.00,473.37
2024-01-22 20:45,85.20,512.00,476.16
2024-01-22 21:00,85.20,509.00,473.37
2024-01-22 21:15,85.20,512.00,476.16
2024-01-22 21:30,85.20,512.00,476.16
2024-01-22 21:45,85.20,512.00,476.16
2024-01-22 22:00,85.20,512.00,476.16
2024-01-22 22:15,85.20,512.00,476.16
2024-01-22 22:30,85.20,512.00,476.16
2024-01-22 22:45,85.20,512.00,476.16
2024-01-22 23:00,85.20,512.00,476.16
2024-01-22 23:15,85.20,512.00,476.16
2024-01-22 23:30,85.20,512.00,476.16
2024-01-22 23:45,85.20,512.00,476.16
2024-01-23 00:00,85.20,512.00,476.16
2024-01-23 00:15,85.20,512.00,476.16
2024-01-23 00:30,85.20,516.00,479.88
2024-01-23 00:45,85.20,512.00,476.16
2024-01-23 01:00,85.20,516.00,479.88
2024-01-23 01:15,85.20,516.00,479.88
2024-01-23 01:30,85.20,516.00,479.88
2024-01-23 01:45,85.20,516.00,479.88
2024-01-23 02:00,85.20,516.00,479.88
2024-01-23 02:15,85.20,516.00,479.88
2024-01-23 02:30,85.20,516.00,479.88
2024-01-23 02:45,85.20,516.00,479.88
2024-01-23 03:00,85.20,516.00,479.88
2024-01-23 03:15,85.20,516.00,479.88
2024-01-23 03:30,85.20,516.00,479.88
2024-01-23 03:45,85.20,516.00,479.88
2024-01-23 04:00,85.20,516.00,479.88
2024-01-23 04:15,85.20,516.00,479.88
2024-01-23 04:30,85.20,516.00,479.88
2024-01-23 04:45,85.20,516.00,479.88
2024-01-23 05:00,85.20,519.00,482.67
2024-01-23 05:15,85.20,516.00,479.88
2024-01-23 05:30,85.20,519.00,482.67
2024-01-23 05:45,85.20,516.00,479.88
2024-01-23 06:00,85.20,516.00,479.88
2024-01-23 06:15,85.20,519.00,482.67
2024-01-23 06:30,111.00,519.00,482.67
2024-01-23 06:45,111.00,516.00,479.88
2024-01-23 07:00,111.00,516.00,479.88
2024-01-23 07:15,111.00,516.00,479.88
2024-01-23 07:30,111.00,516.00,479.88
2024-01-23 07:45,111.00,519.00,482.67
2024-01-23 08:00,111.00,516.00,479.88
2024-01-23 08:15,111.00,516.00,479.88
2024-01-23 08:30,111.00,516.00,479.88
2024-01-23 08:45,111.00,516.00,479.88
2024-01-23 09:00,111.00,516.00,479.88
2024-01-23 09:15,111.00,516.00,479.88
2024-01-23 09:30,111.00,516.00,479.88
2024-01-23 09:45,111.00,516.00,479.88
2024-01-23 10:00,111.00,516.00,479.88
2024-01-23 10:15,111.00,516.00,479.88
2024-01-23 10:30,111.00,516.00,479.88
2024-01-23 10:45,111.00,516.00,479.88
2024-01-23 11:00,111.00,516.00,479.88
2024-01-23 11:15,111.00,516.00,479.88
2024-01-23 11:30,111.00,516.00,479.88
2024-01-23 11:45,111.00,516.00,479.88
2024-01-23 12:00,111.00,516.00,479.88
2024-01-23 12:15,111.00,516.00,479.88
2024-01-23 12:30,111.00,516.00,479.88
2024-01-23 12:45,111.00,516.00,479.88
2024-01-23 13:00,111.00,516.00,479.88
2024-01-23 13:15,111.00,516.00,479.88
2024-01-23 13:30,111.00,516.00,479.88
2024-01-23 13:45,111.00,516.00,479.88
2024-01-23 14:00,111.00,516.00,479.88
2024-01-23 14:15,111.00,516.00,479.88
2024-01-23 14:30,111.00,516.00,479.88
2024-01-23 14:45,111.00,516.00,479.88
2024-01-23 15:00,111.00,516.00,479.88
2024-01-23 15:15,111.00,516.00,479.88
2024-01-23 15:30,111.00,516.00,479.88
2024-01-23 15:45,111.00,512.00,476.16
2024-01-23 16:00,111.00,516.00,479.88
2024-01-23 16:15,111.00,516.00,479.88
2024-01-23 16:30,111.00,516.00,479.88
2024-01-23 16:45,111.00,516.00,479.88
2024-01-23 17:00,111.00,512.00,476.16
2024-01-23 17:15,111.00,516.00,479.88
2024-01-23 17:30,111.00,516.00,479.88
2024-01-23 17:45,111.00,512.00,476.16
2024-01-23 18:00,111.00,512.00,476.16
2024-01-23 18:15,111.00,512.00,476.16
2024-01-23 18:30,111.00,512.00,476.16
2024-01-23 18:45,111.00,512.00,476.16
2024-01-23 19:00,111.00,512.00,476.16
2024-01-23 19:15,111.00,512.00,476.16
2024-01-23 19:30,111.00,512.00,476.16
2024-01-23 19:45,111.00,512.00,476.16
2024-01-23 20:00,111.00,512.00,476.16
2024-01-23 20:15,111.00,512.00,476.16
2024-01-23 20:30,111.00,512.00,476.16
2024-01-23 20:45,111.00,512.00,476.16
2024-01-23 21:00,111.00,512.00,476.16
2024-01-23 21:15,111.00,512.00,476.16
2024-01-23 21:30,111.00,512.00,476.16
2024-01-23 21:45,111.00,509.00,473.37
2024-01-23 22:00,111.00,512.00,476.16
2024-01-23 22:15,111.00,512.00,476.16
2024-01-23 22:30,111.00,509.00,473.37
2024-01-23 22:45,111.00,509.00,473.37
2024-01-23 23:00,111.00,509.00,473.37
2024-01-23 23:15,111.00,509.00,473.37
2024-01-23 23:30,111.00,509.00,473.37
2024-01-23 23:45,111.00,509.00,473.37
2024-01-24 00:00,111.00,509.00,473.37
2024-01-24 00:15,111.00,509.00,473.37
2024-01-24 00:30,111.00,509.00,473.37
2024-01-24 00:45,111.00,509.00,473.37
2024-01-24 01:00,111.00,506.00,470.58
2024-01-24 01:15,111.00,506.00,470.58
2024-01-24 01:30,111.00,506.00,470.58
2024-01-24 01:45,111.00,506.00,470.58
2024-01-24 02:00,111.00,506.00,470.58
2024-01-24 02:15,111.00,506.00,470.58
2024-01-24 02:30,111.00,506.00,470.58
2024-01-24 02:45,111.00,506.00,470.58
2024-01-24 03:00,111.00,509.00,473.37
2024-01-24 03:15,111.00,509.00,473.37
2024-01-24 03:30,111.00,506.00,470.58
2024-01-24 03:45,111.00,506.00,470.58
2024-01-24 04:00,111.00,506.00,470.58
2024-01-24 04:15,111.00,509.00,473.37
2024-01-24 04:30,111.00,509.00,473.37
2024-01-24 04:45,111.00,509.00,473.37
2024-01-24 05:00,111.00,509.00,473.37
2024-01-24 05:15,111.00,509.00,473.37
2024-01-24 05:30,111.00,509.00,473.37
2024-01-24 05:45,111.00,512.00,476.16
2024-01-24 06:00,111.00,509.00,473.37
2024-01-24 06:15,111.00,512.00,476.16
2024-01-24 06:30,111.00,509.00,473.37
2024-01-24 06:45,111.00,512.00,476.16
2024-01-24 07:00,111.00,509.00,473.37
2024-01-24 07:15,111.00,509.00,473.37
2024-01-24 07:30,111.00,512.00,476.16
2024-01-24 07:45,111.00,512.00,476.16
2024-01-24 08:00,111.00,509.00,473.37
2024-01-24 08:15,111.00,509.00,473.37
2024-01-24 08:30,111.00,509.00,473.37
2024-01-24 08:45,111.00,509.00,473.37
2024-01-24 09:00,111.00,509.00,473.37
2024-01-24 09:15,111.00,509.00,473.37
2024-01-24 09:30,111.00,509.00,473.37
2024-01-24 09:45,111.00,509.00,473.37
2024-01-24 10:00,111.00,509.00,473.37
2024-01-24 10:15,111.00,509.00,473.37
2024-01-24 10:30,111.00,509.00,473.37
2024-01-24 10:45,111.00,509.00,473.37
2024-01-24 11:00,111.00,509.00,473.37
2024-01-24 11:15,111.00,509.00,473.37
2024-01-24 11:30,111.00,509.00,473.37
2024-01-24 11:45,111.00,509.00,473.37
2024-01-24 12:00,111.00,509.00,473.37
2024-01-24 12:15,111.00,509.00,473.37
2024-01-24 12:30,111.00,509.00,473.37
2024-01-24 12:45,111.00,509.00,473.37
2024-01-24 13:00,111.00,509.00,473.37
2024-01-24 13:15,111.00,509.00,473.37
2024-01-24 13:30,111.00,509.00,473.37
2024-01-24 13:45,111.00,509.00,473.37
2024-01-24 14:00,111.00,509.00,473.37
2024-01-24 14:15,111.00,509.00,473.37
2024-01-24 14:30,111.00,509.00,473.37
2024-01-24 14:45,111.00,509.00,473.37
2024-01-24 15:00,111.00,509.00,473.37
2024-01-24 15:15,111.00,509.00,473.37
2024-01-24 15:30,111.00,509.00,473.37
2024-01-24 15:45,111.00,509.00,473.37
2024-01-24 16:00,111.00,509.00,473.37
2024-01-24 16:15,111.00,509.00,473.37
2024-01-24 16:30,111.00,509.00,473.37
2024-01-24 16:45,111.00,509.00,473.37
2024-01-24 17:00,111.00,509.00,473.37
2024-01-24 17:15,111.00,512.00,476.16
2024-01-24 17:30,111.00,512.00,476.16
2024-01-24 17:45,111.00,512.00,476.16
2024-01-24 18:00,111.00,512.00,476.16
2024-01-24 18:15,111.00,512.00,476.16
2024-01-24 18:30,111.00,516.00,479.88
2024-01-24 18:45,111.00,516.00,479.88
2024-01-24 19:00,111.00,516.00,479.88
2024-01-24 19:15,111.00,516.00,479.88
2024-01-24 19:30,111.00,516.00,479.88
2024-01-24 19:45,111.00,516.00,479.88
2024-01-24 20:00,111.00,516.00,479.88
2024-01-24 20:15,111.00,516.00,479.88
2024-01-24 20:30,111.00,512.00,476.16
2024-01-24 20:45,111.00,516.00,479.88
2024-01-24 21:00,111.00,516.00,479.88
2024-01-24 21:15,111.00,516.00,479.88
2024-01-24 21:30,111.00,516.00,479.88
2024-01-24 21:45,111.00,516.00,479.88
2024-01-24 22:00,111.00,516.00,479.88
2024-01-24 22:15,111.00,516.00,479.88
2024-01-24 22:30,111.00,516.00,479.88
2024-01-24 22:45,111.00,516.00,479.88
2024-01-24 23:00,111.00,516.00,479.88
2024-01-24 23:15,111.00,519.00,482.67
2024-01-24 23:30,111.00,519.00,482.67
2024-01-24 23:45,111.00,519.00,482.67
2024-01-25 00:00,111.00,519.00,482.67
2024-01-25 00:15,111.00,519.00,482.67
2024-01-25 00:30,111.00,519.00,482.67
2024-01-25 00:45,111.00,519.00,482.67
2024-01-25 01:00,111.00,519.00,482.67
2024-01-25 01:15,111.00,519.00,482.67
2024-01-25 01:30,111.00,519.00,482.67
2024-01-25 01:45,111.00,522.00,485.46
2024-01-25 02:00,111.00,522.00,485.46
2024-01-25 02:15,111.00,522.00,485.46
2024-01-25 02:30,111.00,522.00,485.46
2024-01-25 02:45,111.00,522.00,485.46
2024-01-25 03:00,111.00,522.00,485.46
2024-01-25 03:15,111.00,522.00,485.46
2024-01-25 03:30,111.00,522.00,485.46
2024-01-25 03:45,111.00,522.00,485.46
2024-01-25 04:00,111.00,522.00,485.46
2024-01-25 04:15,111.00,522.00,485.46
2024-01-25 04:30,111.00,522.00,485.46
2024-01-25 04:45,111.00,522.00,485.46
2024-01-25 05:00,111.00,525.00,488.25
2024-01-25 05:15,111.00,525.00,488.25
2024-01-25 05:30,111.00,525.00,488.25
2024-01-25 05:45,111.00,525.00,488.25
2024-01-25 06:00,111.00,525.00,488.25
2024-01-25 06:15,111.00,525.00,488.25
2024-01-25 06:30,111.00,525.00,488.25
2024-01-25 06:45,111.00,525.00,488.25
2024-01-25 07:00,111.00,525.00,488.25
2024-01-25 07:15,111.00,525.00,488.25
2024-01-25 07:30,111.00,525.00,488.25
2024-01-25 07:45,111.00,525.00,488.25
2024-01-25 08:00,111.00,528.00,491.04
2024-01-25 08:15,111.00,528.00,491.04
2024-01-25 08:30,111.00,525.00,488.25
2024-01-25 08:45,111.00,525.00,488.25
2024-01-25 09:00,111.00,528.00,491.04
2024-01-25 09:15,111.00,525.00,488.25
2024-01-25 09:30,111.00,528.00,491.04
2024-01-25 09:45,111.00,528.00,491.04
2024-01-25 10:00,111.00,528.00,491.04
2024-01-25 10:15,111.00,528.00,491.04
2024-01-25 10:30,111.00,528.00,491.04
2024-01-25 10:45,111.00,531.00,493.83
2024-01-25 11:00,106.00,528.00,491.04
2024-01-25 11:15,105.00,528.00,491.04
2024-01-25 11:30,105.00,528.00,491.04
2024-01-25 11:45,105.00,531.00,493.83
2024-01-25 12:00,103.00,531.00,493.83
2024-01-25 12:15,103.00,531.00,493.83
2024-01-25 12:30,103.00,528.00,491.04
2024-01-25 12:45,103.00,531.00,493.83
2024-01-25 13:00,103.00,528.00,491.04
2024-01-25 13:15,103.00,528.00,491.04
2024-01-25 13:30,103.00,528.00,491.04
2024-01-25 13:45,103.00,531.00,493.83
2024-01-25 14:00,105.00,528.00,491.04
2024-01-25 14:15,106.00,528.00,491.04
2024-01-25 14:30,106.00,531.00,493.83
2024-01-25 14:45,106.00,531.00,493.83
2024-01-25 15:00,106.00,531.00,493.83
2024-01-25 15:15,106.00,531.00,493.83
2024-01-25 15:30,106.00,531.00,493.83
2024-01-25 15:45,106.00,531.00,493.83
2024-01-25 16:00,106.00,531.00,493.83
2024-01-25 16:15,106.00,531.00,493.83
2024-01-25 16:30,106.00,531.00,493.83
2024-01-25 16:45,106.00,531.00,493.83
2024-01-25 17:00,106.00,531.00,493.83
2024-01-25 17:15,106.00,531.00,493.83
2024-01-25 17:30,106.00,531.00,493.83
2024-01-25 17:45,106.00,531.00,493.83
2024-01-25 18:00,106.00,531.00,493.83
2024-01-25 18:15,106.00,531.00,493.83
2024-01-25 18:30,106.00,531.00,493.83
2024-01-25 18:45,106.00,531.00,493.83
2024-01-25 19:00,106.00,531.00,493.83
2024-01-25 19:15,106.00,531.00,493.83
2024-01-25 19:30,106.00,531.00,493.83
2024-01-25 19:45,106.00,531.00,493.83
2024-01-25 20:00,106.00,531.00,493.83
2024-01-25 20:15,106.00,531.00,493.83
2024-01-25 20:30,106.00,531.00,493.83
2024-01-25 20:45,106.00,531.00,493.83
2024-01-25 21:00,106.00,531.00,493.83
2024-01-25 21:15,106.00,531.00,493.83
2024-01-25 21:30,106.00,531.00,493.83
2024-01-25 21:45,106.00,531.00,493.83
2024-01-25 22:00,106.00,531.00,493.83
2024-01-25 22:15,106.00,531.00,493.83
2024-01-25 22:30,106.00,531.00,493.83
2024-01-25 22:45,106.00,531.00,493.83
2024-01-25 23:00,106.00,531.00,493.83
2024-01-25 23:15,106.00,531.00,493.83
2024-01-25 23:30,106.00,531.00,493.83
2024-01-25 23:45,106.00,531.00,493.83
2024-01-26 00:00,106.00,531.00,493.83
2024-01-26 00:15,106.00,531.00,493.83
2024-01-26 00:30,106.00,531.00,493.83
2024-01-26 00:45,106.00,531.00,493.83
2024-01-26 01:00,106.00,534.00,496.62
2024-01-26 01:15,106.00,531.00,493.83
2024-01-26 01:30,106.00,534.00,496.62
2024-01-26 01:45,106.00,534.00,496.62
2024-01-26 02:00,106.00,534.00,496.62
2024-01-26 02:15,106.00,534.00,496.62
2024-01-26 02:30,106.00,534.00,496.62
2024-01-26 02:45,106.00,534.00,496.62
2024-01-26 03:00,106.00,534.00,496.62
2024-01-26 03:15,106.00,534.00,496.62
2024-01-26 03:30,106.00,534.00,496.62
2024-01-26 03:45,106.00,534.00,496.62
2024-01-26 04:00,106.00,534.00,496.62
2024-01-26 04:15,106.00,534.00,496.62
2024-01-26 04:30,106.00,534.00,496.62
2024-01-26 04:45,106.00,534.00,496.62
2024-01-26 05:00,106.00,534.00,496.62
2024-01-26 05:15,106.00,534.00,496.62
2024-01-26 05:30,108.00,534.00,496.62
2024-01-26 05:45,108.00,534.00,496.62
2024-01-26 06:00,108.00,534.00,496.62
2024-01-26 06:15,108.00,534.00,496.62
2024-01-26 06:30,108.00,538.00,500.34
2024-01-26 06:45,106.00,538.00,500.34
2024-01-26 07:00,108.00,538.00,500.34
2024-01-26 07:15,108.00,538.00,500.34
2024-01-26 07:30,108.00,538.00,500.34
2024-01-26 07:45,106.00,538.00,500.34
2024-01-26 08:00,108.00,538.00,500.34
2024-01-26 08:15,108.00,541.00,503.13
2024-01-26 08:30,106.00,541.00,503.13
2024-01-26 08:45,108.00,541.00,503.13
2024-01-26 09:00,108.00,541.00,503.13
2024-01-26 09:15,108.00,541.00,503.13
2024-01-26 09:30,108.00,541.00,503.13
2024-01-26 09:45,108.00,541.00,503.13
2024-01-26 10:00,106.00,541.00,503.13
2024-01-26 10:15,108.00,541.00,503.13
2024-01-26 10:30,108.00,541.00,503.13
2024-01-26 10:45,106.00,541.00,503.13
2024-01-26 11:00,106.00,544.00,505.92
2024-01-26 11:15,106.00,541.00,503.13
2024-01-26 11:30,108.00,541.00,503.13
2024-01-26 11:45,106.00,541.00,503.13
2024-01-26 12:00,106.00,541.00,503.13
2024-01-26 12:15,106.00,544.00,505.92
2024-01-26 12:30,106.00,544.00,505.92
2024-01-26 12:45,106.00,544.00,505.92
2024-01-26 13:00,106.00,544.00,505.92
2024-01-26 13:15,106.00,544.00,505.92
2024-01-26 13:30,108.00,544.00,505.92
2024-01-26 13:45,108.00,544.00,505.92
2024-01-26 14:00,106.00,544.00,505.92
2024-01-26 14:15,106.00,544.00,505.92
2024-01-26 14:30,108.00,544.00,505.92
2024-01-26 14:45,106.00,544.00,505.92
2024-01-26 15:00,106.00,544.00,505.92
2024-01-26 15:15,106.00,544.00,505.92
2024-01-26 15:30,106.00,544.00,505.92
2024-01-26 15:45,106.00,544.00,505.92
2024-01-26 16:00,106.00,544.00,505.92
2024-01-26 16:15,106.00,544.00,505.92
2024-01-26 16:30,106.00,544.00,505.92
2024-01-26 16:45,106.00,544.00,505.92
2024-01-26 17:00,106.00,544.00,505.92
2024-01-26 17:15,106.00,544.00,505.92
2024-01-26 17:30,106.00,544.00,505.92
2024-01-26 17:45,106.00,544.00,505.92
2024-01-26 18:00,106.00,544.00,505.92
2024-01-26 18:15,106.00,547.00,508.71
2024-01-26 18:30,106.00,547.00,508.71
2024-01-26 18:45,106.00,547.00,508.71
2024-01-26 19:00,106.00,547.00,508.71
2024-01-26 19:15,106.00,547.00,508.71
2024-01-26 19:30,106.00,547.00,508.71
2024-01-26 19:45,106.00,547.00,508.71
2024-01-26 20:00,106.00,547.00,508.71
2024-01-26 20:15,106.00,547.00,508.71
2024-01-26 20:30,106.00,547.00,508.71
2024-01-26 20:45,106.00,550.00,511.5
2024-01-26 21:00,106.00,550.00,511.5
2024-01-26 21:15,106.00,550.00,511.5
2024-01-26 21:30,106.00,550.00,511.5
2024-01-26 21:45,106.00,550.00,511.5
2024-01-26 22:00,106.00,550.00,511.5
2024-01-26 22:15,106.00,550.00,511.5
2024-01-26 22:30,105.00,550.00,511.5
2024-01-26 22:45,106.00,550.00,511.5
2024-01-26 23:00,106.00,550.00,511.5
2024-01-26 23:15,106.00,553.00,514.29
2024-01-26 23:30,106.00,553.00,514.29
2024-01-26 23:45,106.00,553.00,514.29
2024-01-27 00:00,106.00,553.00,514.29
2024-01-27 00:15,106.00,553.00,514.29
2024-01-27 00:30,106.00,553.00,514.29
2024-01-27 00:45,106.00,553.00,514.29
2024-01-27 01:00,106.00,557.00,518.01
2024-01-27 01:15,106.00,553.00,514.29
2024-01-27 01:30,106.00,553.00,514.29
2024-01-27 01:45,106.00,553.00,514.29
2024-01-27 02:00,106.00,557.00,518.01
2024-01-27 02:15,106.00,553.00,514.29
2024-01-27 02:30,106.00,557.00,518.01
2024-01-27 02:45,106.00,557.00,518.01
2024-01-27 03:00,106.00,557.00,518.01
2024-01-27 03:15,106.00,557.00,518.01
2024-01-27 03:30,106.00,557.00,518.01
2024-01-27 03:45,106.00,560.00,520.8
2024-01-27 04:00,106.00,560.00,520.8
2024-01-27 04:15,106.00,560.00,520.8
2024-01-27 04:30,106.00,560.00,520.8
2024-01-27 04:45,106.00,560.00,520.8
2024-01-27 05:00,106.00,560.00,520.8
2024-01-27 05:15,106.00,560.00,520.8
2024-01-27 05:30,106.00,560.00,520.8
2024-01-27 05:45,106.00,560.00,520.8
2024-01-27 06:00,106.00,563.00,523.59
2024-01-27 06:15,106.00,563.00,523.59
2024-01-27 06:30,106.00,563.00,523.59
2024-01-27 06:45,106.00,563.00,523.59
2024-01-27 07:00,106.00,563.00,523.59
2024-01-27 07:15,106.00,566.00,526.38
2024-01-27 07:30,106.00,563.00,523.59
2024-01-27 07:45,106.00,566.00,526.38
2024-01-27 08:00,106.00,566.00,526.38
2024-01-27 08:15,106.00,566.00,526.38
2024-01-27 08:30,106.00,566.00,526.38
2024-01-27 08:45,106.00,566.00,526.38
2024-01-27 09:00,106.00,566.00,526.38
2024-01-27 09:15,106.00,566.00,526.38
2024-01-27 09:30,106.00,566.00,526.38
2024-01-27 09:45,106.00,566.00,526.38
2024-01-27 10:00,106.00,566.00,526.38
2024-01-27 10:15,106.00,566.00,526.38
2024-01-27 10:30,106.00,566.00,526.38
2024-01-27 10:45,106.00,566.00,526.38
2024-01-27 11:00,106.00,566.00,526.38
2024-01-27 11:15,106.00,566.00,526.38
2024-01-27 11:30,106.00,566.00,526.38
2024-01-27 11:45,106.00,566.00,526.38
2024-01-27 12:00,106.00,566.00,526.38
2024-01-27 12:15,106.00,566.00,526.38
2024-01-27 12:30,106.00,566.00,526.38
2024-01-27 12:45,106.00,566.00,526.38
2024-01-27 13:00,106.00,566.00,526.38
2024-01-27 13:15,106.00,569.00,529.17
2024-01-27 13:30,106.00,569.00,529.17
2024-01-27 13:45,106.00,569.00,529.17
2024-01-27 14:00,106.00,569.00,529.17
2024-01-27 14:15,106.00,569.00,529.17
2024-01-27 14:30,106.00,569.00,529.17
2024-01-27 14:45,106.00,569.00,529.17
2024-01-27 15:00,106.00,569.00,529.17
2024-01-27 15:15,106.00,569.00,529.17
2024-01-27 15:30,106.00,573.00,532.89
2024-01-27 15:45,106.00,573.00,532.89
2024-01-27 16:00,106.00,573.00,532.89
2024-01-27 16:15,106.00,573.00,532.89
2024-01-27 16:30,106.00,573.00,532.89
2024-01-27 16:45,106.00,573.00,532.89
2024-01-27 17:00,106.00,573.00,532.89
2024-01-27 17:15,106.00,573.00,532.89
2024-01-27 17:30,106.00,573.00,532.89
2024-01-27 17:45,106.00,573.00,532.89
2024-01-27 18:00,106.00,573.00,532.89
2024-01-27 18:15,106.00,573.00,532.89
2024-01-27 18:30,106.00,573.00,532.89
2024-01-27 18:45,106.00,573.00,532.89
2024-01-27 19:00,106.00,576.00,535.68
2024-01-27 19:15,106.00,576.00,535.68
2024-01-27 19:30,106.00,573.00,532.89
2024-01-27 19:45,106.00,576.00,535.68
2024-01-27 20:00,106.00,576.00,535.68
2024-01-27 20:15,106.00,576.00,535.68
2024-01-27 20:30,106.00,576.00,535.68
2024-01-27 20:45,106.00,576.00,535.68
2024-01-27 21:00,106.00,576.00,535.68
2024-01-27 21:15,106.00,576.00,535.68
2024-01-27 21:30,106.00,576.00,535.68
2024-01-27 21:45,106.00,576.00,535.68
2024-01-27 22:00,106.00,579.00,538.47
2024-01-27 22:15,106.00,576.00,535.68
2024-01-27 22:30,106.00,579.00,538.47
2024-01-27 22:45,106.00,579.00,538.47
2024-01-27 23:00,106.00,576.00,535.68
2024-01-27 23:15,106.00,579.00,538.47
2024-01-27 23:30,106.00,576.00,535.68
2024-01-27 23:45,106.00,579.00,538.47
2024-01-28 00:00,106.00,579.00,538.47
2024-01-28 00:15,106.00,576.00,535.68
2024-01-28 00:30,106.00,579.00,538.47
2024-01-28 00:45,106.00,576.00,535.68
2024-01-28 01:00,106.00,576.00,535.68
2024-01-28 01:15,106.00,576.00,535.68
2024-01-28 01:30,106.00,576.00,535.68
2024-01-28 01:45,106.00,576.00,535.68
2024-01-28 02:00,106.00,579.00,538.47
2024-01-28 02:15,106.00,579.00,538.47
2024-01-28 02:30,106.00,579.00,538.47
2024-01-28 02:45,106.00,579.00,538.47
2024-01-28 03:00,106.00,579.00,538.47
2024-01-28 03:15,106.00,579.00,538.47
2024-01-28 03:30,106.00,579.00,538.47
2024-01-28 03:45,106.00,579.00,538.47
2024-01-28 04:00,106.00,579.00,538.47
2024-01-28 04:15,106.00,579.00,538.47
2024-01-28 04:30,106.00,579.00,538.47
2024-01-28 04:45,106.00,579.00,538.47
2024-01-28 05:00,106.00,579.00,538.47
2024-01-28 05:15,106.00,579.00,538.47
2024-01-28 05:30,106.00,582.00,541.26
2024-01-28 05:45,106.00,582.00,541.26
2024-01-28 06:00,106.00,582.00,541.26
2024-01-28 06:15,106.00,582.00,541.26
2024-01-28 06:30,106.00,582.00,541.26
2024-01-28 06:45,106.00,582.00,541.26
2024-01-28 07:00,106.00,582.00,541.26
2024-01-28 07:15,106.00,582.00,541.26
2024-01-28 07:30,106.00,579.00,538.47
2024-01-28 07:45,106.00,582.00,541.26
2024-01-28 08:00,106.00,582.00,541.26
2024-01-28 08:15,106.00,582.00,541.26
2024-01-28 08:30,106.00,582.00,541.26
2024-01-28 08:45,106.00,582.00,541.26
2024-01-28 09:00,106.00,582.00,541.26
2024-01-28 09:15,106.00,582.00,541.26
2024-01-28 09:30,106.00,582.00,541.26
2024-01-28 09:45,106.00,582.00,541.26
2024-01-28 10:00,106.00,582.00,541.26
2024-01-28 10:15,106.00,579.00,538.47
2024-01-28 10:30,106.00,582.00,541.26
2024-01-28 10:45,106.00,582.00,541.26
2024-01-28 11:00,106.00,582.00,541.26
2024-01-28 11:15,106.00,582.00,541.26
2024-01-28 11:30,106.00,582.00,541.26
2024-01-28 11:45,106.00,582.00,541.26
2024-01-28 12:00,106.00,582.00,541.26
2024-01-28 12:15,106.00,582.00,541.26
2024-01-28 12:30,106.00,582.00,541.26
2024-01-28 12:45,106.00,582.00,541.26
2024-01-28 13:00,106.00,586.00,544.98
2024-01-28 13:15,106.00,582.00,541.26
2024-01-28 13:30,106.00,586.00,544.98
2024-01-28 13:45,106.00,586.00,544.98
2024-01-28 14:00,106.00,586.00,544.98
2024-01-28 14:15,106.00,586.00,544.98
2024-01-28 14:30,106.00,586.00,544.98
2024-01-28 14:45,106.00,586.00,544.98
2024-01-28 15:00,106.00,586.00,544.98
2024-01-28 15:15,106.00,586.00,544.98
2024-01-28 15:30,106.00,586.00,544.98
2024-01-28 15:45,106.00,586.00,544.98
2024-01-28 16:00,106.00,586.00,544.98
2024-01-28 16:15,106.00,586.00,544.98
2024-01-28 16:30,106.00,586.00,544.98
2024-01-28 16:45,106.00,586.00,544.98
2024-01-28 17:00,106.00,586.00,544.98
2024-01-28 17:15,106.00,586.00,544.98
2024-01-28 17:30,106.00,586.00,544.98
2024-01-28 17:45,106.00,589.00,547.77
2024-01-28 18:00,106.00,589.00,547.77
2024-01-28 18:15,106.00,589.00,547.77
2024-01-28 18:30,106.00,589.00,547.77
2024-01-28 18:45,106.00,589.00,547.77
2024-01-28 19:00,106.00,589.00,547.77
2024-01-28 19:15,106.00,589.00,547.77
2024-01-28 19:30,106.00,589.00,547.77
2024-01-28 19:45,106.00,589.00,547.77
2024-01-28 20:00,106.00,589.00,547.77
2024-01-28 20:15,106.00,592.00,550.56
2024-01-28 20:30,106.00,592.00,550.56
2024-01-28 20:45,106.00,592.00,550.56
2024-01-28 21:00,106.00,592.00,550.56
2024-01-28 21:15,106.00,592.00,550.56
2024-01-28 21:30,106.00,592.00,550.56
2024-01-28 21:45,106.00,592.00,550.56
2024-01-28 22:00,106.00,592.00,550.56
2024-01-28 22:15,106.00,592.00,550.56
2024-01-28 22:30,106.00,592.00,550.56
2024-01-28 22:45,106.00,592.00,550.56
2024-01-28 23:00,106.00,592.00,550.56
2024-01-28 23:15,106.00,592.00,550.56
2024-01-28 23:30,106.00,592.00,550.56
2024-01-28 23:45,106.00,592.00,550.56
2024-01-29 00:00,106.00,592.00,550.56
2024-01-29 00:15,106.00,595.00,553.35
2024-01-29 00:30,106.00,595.00,553.35
2024-01-29 00:45,106.00,595.00,553.35
2024-01-29 01:00,106.00,595.00,553.35
2024-01-29 01:15,106.00,595.00,553.35
2024-01-29 01:30,106.00,595.00,553.35
2024-01-29 01:45,106.00,595.00,553.35
2024-01-29 02:00,106.00,595.00,553.35
2024-01-29 02:15,106.00,595.00,553.35
2024-01-29 02:30,106.00,595.00,553.35
2024-01-29 02:45,106.00,595.00,553.35
2024-01-29 03:00,106.00,595.00,553.35
2024-01-29 03:15,106.00,595.00,553.35
2024-01-29 03:30,106.00,595.00,553.35
2024-01-29 03:45,106.00,595.00,553.35
2024-01-29 04:00,106.00,595.00,553.35
2024-01-29 04:15,106.00,595.00,553.35
2024-01-29 04:30,106.00,595.00,553.35
2024-01-29 04:45,106.00,595.00,553.35
2024-01-29 05:00,106.00,595.00,553.35
2024-01-29 05:15,106.00,595.00,553.35
2024-01-29 05:30,106.00,595.00,553.35
2024-01-29 05:45,106.00,595.00,553.35
2024-01-29 06:00,106.00,595.00,553.35
2024-01-29 06:15,106.00,595.00,553.35
2024-01-29 06:30,106.00,595.00,553.35
2024-01-29 06:45,106.00,595.00,553.35
2024-01-29 07:00,106.00,595.00,553.35
2024-01-29 07:15,106.00,599.00,557.07
2024-01-29 07:30,106.00,595.00,553.35
2024-01-29 07:45,106.00,599.00,557.07
2024-01-29 08:00,106.00,595.00,553.35
2024-01-29 08:15,106.00,595.00,553.35
2024-01-29 08:30,106.00,595.00,553.35
2024-01-29 08:45,106.00,595.00,553.35
2024-01-29 09:00,106.00,595.00,553.35
2024-01-29 09:15,106.00,595.00,553.35
2024-01-29 09:30,106.00,595.00,553.35
2024-01-29 09:45,106.00,595.00,553.35
2024-01-29 10:00,106.00,595.00,553.35
2024-01-29 10:15,106.00,595.00,553.35
2024-01-29 10:30,106.00,595.00,553.35
2024-01-29 10:45,106.00,595.00,553.35
2024-01-29 11:00,106.00,595.00,553.35
2024-01-29 11:15,106.00,595.00,553.35
2024-01-29 11:30,106.00,595.00,553.35
2024-01-29 11:45,106.00,595.00,553.35
2024-01-29 12:00,106.00,595.00,553.35
2024-01-29 12:15,106.00,595.00,553.35
2024-01-29 12:30,106.00,595.00,553.35
2024-01-29 12:45,106.00,599.00,557.07
2024-01-29 13:00,106.00,599.00,557.07
2024-01-29 13:15,106.00,599.00,557.07
2024-01-29 13:30,106.00,599.00,557.07
2024-01-29 13:45,106.00,599.00,557.07
2024-01-29 14:00,106.00,599.00,557.07
2024-01-29 14:15,106.00,599.00,557.07
2024-01-29 14:30,106.00,599.00,557.07
2024-01-29 14:45,106.00,599.00,557.07
2024-01-29 15:00,106.00,599.00,557.07
2024-01-29 15:15,106.00,602.00,559.86
2024-01-29 15:30,106.00,602.00,559.86
2024-01-29 15:45,106.00,602.00,559.86
2024-01-29 16:00,106.00,602.00,559.86
2024-01-29 16:15,106.00,605.00,562.65
2024-01-29 16:30,106.00,605.00,562.65
2024-01-29 16:45,106.00,605.00,562.65
2024-01-29 17:00,106.00,605.00,562.65
2024-01-29 17:15,106.00,605.00,562.65
2024-01-29 17:30,106.00,608.00,565.44
2024-01-29 17:45,106.00,608.00,565.44
2024-01-29 18:00,106.00,608.00,565.44
2024-01-29 18:15,106.00,612.00,569.16
2024-01-29 18:30,106.00,612.00,569.16
2024-01-29 18:45,106.00,612.00,569.16
2024-01-29 19:00,106.00,612.00,569.16
2024-01-29 19:15,106.00,615.00,571.95
2024-01-29 19:30,105.00,615.00,571.95
2024-01-29 19:45,106.00,615.00,571.95
2024-01-29 20:00,105.00,618.00,574.74
2024-01-29 20:15,105.00,618.00,574.74
2024-01-29 20:30,105.00,618.00,574.74
2024-01-29 20:45,105.00,618.00,574.74
2024-01-29 21:00,105.00,621.00,577.53
2024-01-29 21:15,105.00,621.00,577.53
2024-01-29 21:30,105.00,621.00,577.53
2024-01-29 21:45,105.00,621.00,577.53
2024-01-29 22:00,105.00,621.00,577.53
2024-01-29 22:15,105.00,621.00,577.53
2024-01-29 22:30,105.00,625.00,581.25
2024-01-29 22:45,105.00,625.00,581.25
2024-01-29 23:00,105.00,625.00,581.25
2024-01-29 23:15,105.00,625.00,581.25
2024-01-29 23:30,105.00,625.00,581.25
2024-01-29 23:45,105.00,625.00,581.25
2024-01-30 00:00,105.00,625.00,581.25
2024-01-30 00:15,105.00,625.00,581.25
2024-01-30 00:30,105.00,625.00,581.25
2024-01-30 00:45,105.00,625.00,581.25
2024-01-30 01:00,105.00,625.00,581.25
2024-01-30 01:15,105.00,628.00,584.04
2024-01-30 01:30,105.00,625.00,581.25
2024-01-30 01:45,105.00,628.00,584.04
2024-01-30 02:00,105.00,628.00,584.04
2024-01-30 02:15,105.00,628.00,584.04
2024-01-30 02:30,105.00,628.00,584.04
2024-01-30 02:45,105.00,628.00,584.04
2024-01-30 03:00,105.00,625.00,581.25
2024-01-30 03:15,105.00,628.00,584.04
2024-01-30 03:30,105.00,628.00,584.04
2024-01-30 03:45,105.00,628.00,584.04
2024-01-30 04:00,105.00,628.00,584.04
2024-01-30 04:15,105.00,628.00,584.04
2024-01-30 04:30,105.00,628.00,584.04
2024-01-30 04:45,105.00,628.00,584.04
2024-01-30 05:00,105.00,628.00,584.04
2024-01-30 05:15,105.00,628.00,584.04
2024-01-30 05:30,105.00,628.00,584.04
2024-01-30 05:45,105.00,628.00,584.04
2024-01-30 06:00,105.00,628.00,584.04
2024-01-30 06:15,105.00,628.00,584.04
2024-01-30 06:30,105.00,628.00,584.04
2024-01-30 06:45,105.00,631.00,586.83
2024-01-30 07:00,105.00,628.00,584.04
2024-01-30 07:15,105.00,631.00,586.83
2024-01-30 07:30,105.00,628.00,584.04
2024-01-30 07:45,105.00,631.00,586.83
2024-01-30 08:00,105.00,631.00,586.83
2024-01-30 08:15,105.00,631.00,586.83
2024-01-30 08:30,105.00,631.00,586.83
2024-01-30 08:45,105.00,631.00,586.83
2024-01-30 09:00,105.00,631.00,586.83
2024-01-30 09:15,105.00,635.00,590.55
2024-01-30 09:30,105.00,635.00,590.55
2024-01-30 09:45,105.00,635.00,590.55
2024-01-30 10:00,105.00,635.00,590.55
2024-01-30 10:15,105.00,635.00,590.55
2024-01-30 10:30,105.00,635.00,590.55
2024-01-30 10:45,105.00,635.00,590.55
2024-01-30 11:00,105.00,638.00,593.34
2024-01-30 11:15,105.00,638.00,593.34
2024-01-30 11:30,105.00,638.00,593.34
2024-01-30 11:45,105.00,638.00,593.34
2024-01-30 12:00,105.00,638.00,593.34
2024-01-30 12:15,105.00,638.00,593.34
2024-01-30 12:30,105.00,638.00,593.34
2024-01-30 12:45,105.00,641.00,596.13
2024-01-30 13:00,105.00,641.00,596.13
2024-01-30 13:15,105.00,641.00,596.13
2024-01-30 13:30,105.00,641.00,596.13
2024-01-30 13:45,105.00,641.00,596.13
2024-01-30 14:00,106.00,641.00,596.13
2024-01-30 14:15,106.00,641.00,596.13
2024-01-30 14:30,106.00,641.00,596.13
2024-01-30 14:45,106.00,641.00,596.13
2024-01-30 15:00,106.00,641.00,596.13
2024-01-30 15:15,106.00,641.00,596.13
2024-01-30 15:30,106.00,641.00,596.13
2024-01-30 15:45,106.00,641.00,596.13
2024-01-30 16:00,106.00,641.00,596.13
2024-01-30 16:15,106.00,645.00,599.85
2024-01-30 16:30,106.00,641.00,596.13
2024-01-30 16:45,106.00,645.00,599.85
2024-01-30 17:00,106.00,641.00,596.13
2024-01-30 17:15,106.00,641.00,596.13
2024-01-30 17:30,106.00,641.00,596.13
2024-01-30 17:45,106.00,641.00,596.13
2024-01-30 18:00,106.00,641.00,596.13
2024-01-30 18:15,106.00,641.00,596.13
2024-01-30 18:30,106.00,641.00,596.13
2024-01-30 18:45,106.00,641.00,596.13
2024-01-30 19:00,106.00,638.00,593.34
2024-01-30 19:15,106.00,638.00,593.34
2024-01-30 19:30,106.00,641.00,596.13
2024-01-30 19:45,106.00,638.00,593.34
2024-01-30 20:00,106.00,638.00,593.34
2024-01-30 20:15,106.00,638.00,593.34
2024-01-30 20:30,106.00,638.00,593.34
2024-01-30 20:45,106.00,638.00,593.34
2024-01-30 21:00,106.00,638.00,593.34
2024-01-30 21:15,106.00,638.00,593.34
2024-01-30 21:30,106.00,638.00,593.34
2024-01-30 21:45,106.00,638.00,593.34
2024-01-30 22:00,106.00,638.00,593.34
2024-01-30 22:15,106.00,638.00,593.34
2024-01-30 22:30,106.00,638.00,593.34
2024-01-30 22:45,106.00,638.00,593.34
2024-01-30 23:00,106.00,638.00,593.34
2024-01-30 23:15,106.00,635.00,590.55
2024-01-30 23:30,106.00,638.00,593.34
2024-01-30 23:45,106.00,638.00,593.34
2024-01-31 00:00,106.00,638.00,593.34
2024-01-31 00:15,106.00,635.00,590.55
2024-01-31 00:30,106.00,638.00,593.34
2024-01-31 00:45,106.00,638.00,593.34
2024-01-31 01:00,106.00,638.00,593.34
2024-01-31 01:15,106.00,638.00,593.34
2024-01-31 01:30,106.00,641.00,596.13
2024-01-31 01:45,106.00,641.00,596.13
2024-01-31 02:00,106.00,638.00,593.34
2024-01-31 02:15,106.00,638.00,593.34
2024-01-31 02:30,106.00,638.00,593.34
2024-01-31 02:45,106.00,638.00,593.34
2024-01-31 03:00,106.00,638.00,593.34
2024-01-31 03:15,106.00,638.00,593.34
2024-01-31 03:30,105.00,635.00,590.55
2024-01-31 03:45,106.00,635.00,590.55
2024-01-31 04:00,106.00,635.00,590.55
2024-01-31 04:15,106.00,635.00,590.55
2024-01-31 04:30,106.00,635.00,590.55
2024-01-31 04:45,106.00,638.00,593.34
2024-01-31 05:00,106.00,635.00,590.55
2024-01-31 05:15,106.00,635.00,590.55
2024-01-31 05:30,106.00,635.00,590.55
2024-01-31 05:45,106.00,635.00,590.55
2024-01-31 06:00,106.00,635.00,590.55
2024-01-31 06:15,106.00,631.00,586.83
2024-01-31 06:30,106.00,635.00,590.55
2024-01-31 06:45,106.00,631.00,586.83
2024-01-31 07:00,105.00,631.00,586.83
2024-01-31 07:15,105.00,631.00,586.83
2024-01-31 07:30,106.00,631.00,586.83
2024-01-31 07:45,106.00,631.00,586.83
2024-01-31 08:00,106.00,631.00,586.83
2024-01-31 08:15,106.00,631.00,586.83
2024-01-31 08:30,106.00,631.00,586.83
2024-01-31 08:45,106.00,631.00,586.83
2024-01-31 09:00,106.00,631.00,586.83
2024-01-31 09:15,106.00,635.00,590.55
2024-01-31 09:30,106.00,635.00,590.55
2024-01-31 09:45,106.00,631.00,586.83
2024-01-31 10:00,106.00,631.00,586.83
2024-01-31 10:15,105.00,631.00,586.83
2024-01-31 10:30,106.00,635.00,590.55
2024-01-31 10:45,106.00,631.00,586.83
2024-01-31 11:00,106.00,631.00,586.83
2024-01-31 11:15,106.00,635.00,590.55
2024-01-31 11:30,106.00,631.00,586.83
2024-01-31 11:45,106.00,631.00,586.83
2024-01-31 12:00,106.00,631.00,586.83
2024-01-31 12:15,106.00,631.00,586.83
2024-01-31 12:30,106.00,631.00,586.83
2024-01-31 12:45,106.00,631.00,586.83
2024-01-31 13:00,106.00,631.00,586.83
2024-01-31 13:15,106.00,631.00,586.83
2024-01-31 13:30,108.00,631.00,586.83
2024-01-31 13:45,108.00,631.00,586.83
2024-01-31 14:00,108.00,631.00,586.83
2024-01-31 14:15,108.00,631.00,586.83
2024-01-31 14:30,108.00,631.00,586.83
2024-01-31 14:45,108.00,631.00,586.83
2024-01-31 15:00,108.00,631.00,586.83
2024-01-31 15:15,108.00,631.00,586.83
2024-01-31 15:30,108.00,631.00,586.83
2024-01-31 15:45,106.00,631.00,586.83
2024-01-31 16:00,108.00,631.00,586.83
2024-01-31 16:15,108.00,631.00,586.83
2024-01-31 16:30,108.00,635.00,590.55
2024-01-31 16:45,108.00,631.00,586.83
2024-01-31 17:00,108.00,631.00,586.83
2024-01-31 17:15,108.00,635.00,590.55
2024-01-31 17:30,108.00,635.00,590.55
2024-01-31 17:45,108.00,631.00,586.83
2024-01-31 18:00,108.00,631.00,586.83
2024-01-31 18:15,108.00,635.00,590.55
2024-01-31 18:30,108.00,635.00,590.55
2024-01-31 18:45,108.00,635.00,590.55
2024-01-31 19:00,108.00,635.00,590.55
2024-01-31 19:15,108.00,635.00,590.55
2024-01-31 19:30,108.00,635.00,590.55
2024-01-31 19:45,108.00,635.00,590.55
2024-01-31 20:00,108.00,635.00,590.55
2024-01-31 20:15,108.00,635.00,590.55
2024-01-31 20:30,108.00,635.00,590.55
2024-01-31 20:45,108.00,635.00,590.55
2024-01-31 21:00,108.00,635.00,590.55
2024-01-31 21:15,108.00,635.00,590.55
2024-01-31 21:30,108.00,635.00,590.55
2024-01-31 21:45,108.00,638.00,593.34
2024-01-31 22:00,108.00,638.00,593.34
2024-01-31 22:15,108.00,635.00,590.55
2024-01-31 22:30,108.00,638.00,593.34
2024-01-31 22:45,108.00,638.00,593.34
2024-01-31 23:00,108.00,638.00,593.34
2024-01-31 23:15,108.00,638.00,593.34
2024-01-31 23:30,108.00,638.00,593.34
2024-01-31 23:45,108.00,638.00,593.34
2024-02-01 00:00,108.00,638.00,593.34
2024-02-01 00:15,108.00,638.00,593.34
2024-02-01 00:30,108.00,638.00,593.34
2024-02-01 00:45,108.00,638.00,593.34
2024-02-01 01:00,108.00,638.00,593.34
2024-02-01 01:15,108.00,638.00,593.34
2024-02-01 01:30,108.00,638.00,593.34
2024-02-01 01:45,108.00,638.00,593.34
2024-02-01 02:00,108.00,638.00,593.34
2024-02-01 02:15,108.00,638.00,593.34
2024-02-01 02:30,108.00,638.00,593.34
2024-02-01 02:45,108.00,638.00,593.34
2024-02-01 03:00,108.00,638.00,593.34
2024-02-01 03:15,108.00,638.00,593.34
2024-02-01 03:30,108.00,638.00,593.34
2024-02-01 03:45,108.00,638.00,593.34
2024-02-01 04:00,108.00,635.00,590.55
2024-02-01 04:15,108.00,638.00,593.34
2024-02-01 04:30,108.00,638.00,593.34
2024-02-01 04:45,108.00,638.00,593.34
2024-02-01 05:00,108.00,638.00,593.34
2024-02-01 05:15,108.00,638.00,593.34
2024-02-01 05:30,108.00,638.00,593.34
2024-02-01 05:45,108.00,638.00,593.34
2024-02-01 06:00,108.00,638.00,593.34
2024-02-01 06:15,108.00,638.00,593.34
2024-02-01 06:30,108.00,638.00,593.34
2024-02-01 06:45,108.00,638.00,593.34
2024-02-01 07:00,108.00,638.00,593.34
2024-02-01 07:15,108.00,638.00,593.34
2024-02-01 07:30,108.00,638.00,593.34
2024-02-01 07:45,108.00,638.00,593.34
2024-02-01 08:00,108.00,638.00,593.34
2024-02-01 08:15,108.00,638.00,593.34
2024-02-01 08:30,108.00,638.00,593.34
2024-02-01 08:45,108.00,638.00,593.34
2024-02-01 09:00,108.00,638.00,593.34
2024-02-01 09:15,108.00,638.00,593.34
2024-02-01 09:30,108.00,638.00,593.34
2024-02-01 09:45,108.00,638.00,593.34
2024-02-01 10:00,108.00,638.00,593.34
2024-02-01 10:15,108.00,638.00,593.34
2024-02-01 10:30,108.00,638.00,593.34
2024-02-01 10:45,108.00,638.00,593.34
2024-02-01 11:00,108.00,638.00,593.34
2024-02-01 11:15,108.00,638.00,593.34
2024-02-01 11:30,108.00,638.00,593.34
2024-02-01 11:45,108.00,638.00,593.34
2024-02-01 12:00,108.00,638.00,593.34
2024-02-01 12:15,108.00,638.00,593.34
2024-02-01 12:30,108.00,638.00,593.34
2024-02-01 12:45,108.00,638.00,593.34
2024-02-01 13:00,108.00,638.00,593.34
2024-02-01 13:15,108.00,638.00,593.34
2024-02-01 13:30,108.00,638.00,593.34
2024-02-01 13:45,108.00,638.00,593.34
2024-02-01 14:00,108.00,638.00,593.34
2024-02-01 14:15,108.00,641.00,596.13
2024-02-01 14:30,108.00,638.00,593.34
2024-02-01 14:45,108.00,638.00,593.34
2024-02-01 15:00,108.00,638.00,593.34
2024-02-01 15:15,108.00,638.00,593.34
2024-02-01 15:30,108.00,641.00,596.13
2024-02-01 15:45,108.00,638.00,593.34
2024-02-01 16:00,108.00,638.00,593.34
2024-02-01 16:15,108.00,638.00,593.34
2024-02-01 16:30,108.00,641.00,596.13
2024-02-01 16:45,108.00,638.00,593.34
2024-02-01 17:00,108.00,638.00,593.34
2024-02-01 17:15,108.00,638.00,593.34
2024-02-01 17:30,108.00,638.00,593.34
2024-02-01 17:45,108.00,638.00,593.34
2024-02-01 18:00,108.00,638.00,593.34
2024-02-01 18:15,108.00,638.00,593.34
2024-02-01 18:30,108.00,638.00,593.34
2024-02-01 18:45,108.00,638.00,593.34
2024-02-01 19:00,108.00,638.00,593.34
2024-02-01 19:15,108.00,638.00,593.34
2024-02-01 19:30,108.00,638.00,593.34
2024-02-01 19:45,108.00,638.00,593.34
2024-02-01 20:00,108.00,638.00,593.34
2024-02-01 20:15,108.00,638.00,593.34
2024-02-01 20:30,108.00,638.00,593.34
2024-02-01 20:45,108.00,638.00,593.34
2024-02-01 21:00,108.00,638.00,593.34
2024-02-01 21:15,108.00,638.00,593.34
2024-02-01 21:30,108.00,638.00,593.34
2024-02-01 21:45,108.00,638.00,593.34
2024-02-01 22:00,108.00,638.00,593.34
2024-02-01 22:15,108.00,638.00,593.34
2024-02-01 22:30,108.00,638.00,593.34
2024-02-01 22:45,108.00,638.00,593.34
2024-02-01 23:00,108.00,638.00,593.34
2024-02-01 23:15,108.00,638.00,593.34
2024-02-01 23:30,108.00,638.00,593.34
2024-02-01 23:45,108.00,638.00,593.34
2024-02-02 00:00,108.00,638.00,593.34
2024-02-02 00:15,108.00,638.00,593.34
2024-02-02 00:30,108.00,638.00,593.34
2024-02-02 00:45,108.00,638.00,593.34
2024-02-02 01:00,108.00,638.00,593.34
2024-02-02 01:15,108.00,638.00,593.34
2024-02-02 01:30,108.00,638.00,593.34
2024-02-02 01:45,108.00,638.00,593.34
2024-02-02 02:00,108.00,638.00,593.34
2024-02-02 02:15,108.00,638.00,593.34
2024-02-02 02:30,108.00,638.00,593.34
2024-02-02 02:45,108.00,635.00,590.55
2024-02-02 03:00,108.00,638.00,593.34
2024-02-02 03:15,108.00,638.00,593.34
2024-02-02 03:30,108.00,638.00,593.34
2024-02-02 03:45,108.00,638.00,593.34
2024-02-02 04:00,108.00,638.00,593.34
2024-02-02 04:15,108.00,638.00,593.34
2024-02-02 04:30,108.00,638.00,593.34
2024-02-02 04:45,108.00,638.00,593.34
2024-02-02 05:00,108.00,635.00,590.55
2024-02-02 05:15,108.00,635.00,590.55
2024-02-02 05:30,108.00,635.00,590.55
2024-02-02 05:45,108.00,638.00,593.34
2024-02-02 06:00,108.00,635.00,590.55
2024-02-02 06:15,108.00,635.00,590.55
2024-02-02 06:30,108.00,635.00,590.55
2024-02-02 06:45,108.00,635.00,590.55
2024-02-02 07:00,108.00,635.00,590.55
2024-02-02 07:15,108.00,635.00,590.55
2024-02-02 07:30,108.00,635.00,590.55
2024-02-02 07:45,108.00,635.00,590.55
2024-02-02 08:00,108.00,635.00,590.55
2024-02-02 08:15,108.00,635.00,590.55
2024-02-02 08:30,108.00,635.00,590.55
2024-02-02 08:45,108.00,635.00,590.55
2024-02-02 09:00,108.00,635.00,590.55
2024-02-02 09:15,108.00,635.00,590.55
2024-02-02 09:30,108.00,635.00,590.55
2024-02-02 09:45,108.00,635.00,590.55
2024-02-02 10:00,106.00,635.00,590.55
2024-02-02 10:15,108.00,635.00,590.55
2024-02-02 10:30,108.00,635.00,590.55
2024-02-02 10:45,108.00,635.00,590.55
2024-02-02 11:00,108.00,635.00,590.55
2024-02-02 11:15,108.00,635.00,590.55
2024-02-02 11:30,108.00,635.00,590.55
2024-02-02 11:45,108.00,635.00,590.55
2024-02-02 12:00,108.00,635.00,590.55
2024-02-02 12:15,108.00,635.00,590.55
2024-02-02 12:30,108.00,635.00,590.55
2024-02-02 12:45,108.00,635.00,590.55
2024-02-02 13:00,108.00,635.00,590.55
2024-02-02 13:15,108.00,635.00,590.55
2024-02-02 13:30,106.00,635.00,590.55
2024-02-02 13:45,108.00,635.00,590.55
2024-02-02 14:00,108.00,635.00,590.55
2024-02-02 14:15,106.00,635.00,590.55
2024-02-02 14:30,108.00,635.00,590.55
2024-02-02 14:45,108.00,635.00,590.55
2024-02-02 15:00,108.00,635.00,590.55
2024-02-02 15:15,108.00,635.00,590.55
2024-02-02 15:30,108.00,635.00,590.55
2024-02-02 15:45,108.00,635.00,590.55
2024-02-02 16:00,106.00,638.00,593.34
2024-02-02 16:15,105.00,635.00,590.55
2024-02-02 16:30,105.00,638.00,593.34
2024-02-02 16:45,105.00,638.00,593.34
2024-02-02 17:00,105.00,638.00,593.34
2024-02-02 17:15,105.00,638.00,593.34
2024-02-02 17:30,105.00,638.00,593.34
2024-02-02 17:45,105.00,635.00,590.55
2024-02-02 18:00,105.00,635.00,590.55
2024-02-02 18:15,105.00,635.00,590.55
2024-02-02 18:30,105.00,635.00,590.55
2024-02-02 18:45,105.00,635.00,590.55
2024-02-02 19:00,105.00,635.00,590.55
2024-02-02 19:15,105.00,635.00,590.55
2024-02-02 19:30,105.00,635.00,590.55
2024-02-02 19:45,105.00,635.00,590.55
2024-02-02 20:00,105.00,635.00,590.55
2024-02-02 20:15,105.00,635.00,590.55
2024-02-02 20:30,105.00,635.00,590.55
2024-02-02 20:45,105.00,638.00,593.34
2024-02-02 21:00,105.00,635.00,590.55
2024-02-02 21:15,105.00,635.00,590.55
2024-02-02 21:30,105.00,638.00,593.34
2024-02-02 21:45,105.00,638.00,593.34
2024-02-02 22:00,105.00,635.00,590.55
2024-02-02 22:15,105.00,635.00,590.55
2024-02-02 22:30,105.00,638.00,593.34
2024-02-02 22:45,105.00,635.00,590.55
2024-02-02 23:00,105.00,635.00,590.55
2024-02-02 23:15,105.00,635.00,590.55
2024-02-02 23:30,105.00,638.00,593.34
2024-02-02 23:45,105.00,638.00,593.34
2024-02-03 00:00,105.00,638.00,593.34
2024-02-03 00:15,105.00,638.00,593.34
2024-02-03 00:30,105.00,638.00,593.34
2024-02-03 00:45,105.00,635.00,590.55
2024-02-03 01:00,105.00,635.00,590.55
2024-02-03 01:15,105.00,635.00,590.55
2024-02-03 01:30,105.00,638.00,593.34
2024-02-03 01:45,105.00,638.00,593.34
2024-02-03 02:00,105.00,635.00,590.55
2024-02-03 02:15,105.00,638.00,593.34
2024-02-03 02:30,105.00,635.00,590.55
2024-02-03 02:45,105.00,635.00,590.55
2024-02-03 03:00,105.00,635.00,590.55
2024-02-03 03:15,105.00,635.00,590.55
2024-02-03 03:30,105.00,635.00,590.55
2024-02-03 03:45,105.00,635.00,590.55
2024-02-03 04:00,105.00,635.00,589.27
2024-02-03 04:15,105.00,638.00,585.32
2024-02-03 04:30,105.00,638.00,585.32
2024-02-03 04:45,105.00,638.00,585.32
2024-02-03 05:00,105.00,635.00,582.53
2024-02-03 05:15,105.00,638.00,585.32
2024-02-03 05:30,105.00,638.00,585.32
2024-02-03 05:45,105.00,638.00,585.32
2024-02-03 06:00,105.00,635.00,589.38
2024-02-03 06:15,105.00,638.00,592.17
2024-02-03 06:30,105.00,635.00,587.66
2024-02-03 06:45,105.00,635.00,587.66
2024-02-03 07:00,105.00,638.00,590.45
2024-02-03 07:15,105.00,635.00,587.66
2024-02-03 07:30,105.00,635.00,587.66
2024-02-03 07:45,105.00,635.00,587.66
2024-02-03 08:00,105.00,638.00,590.45
2024-02-03 08:15,105.00,638.00,590.45
2024-02-03 08:30,105.00,635.00,587.66
2024-02-03 08:45,105.00,638.00,590.45
2024-02-03 09:00,105.00,638.00,590.45
2024-02-03 09:15,105.00,635.00,587.66
2024-02-03 09:30,105.00,635.00,587.66
2024-02-03 09:45,105.00,638.00,590.45
2024-02-03 10:00,105.00,638.00,590.45
2024-02-03 10:15,105.00,638.00,590.45
2024-02-03 10:30,105.00,638.00,590.45
2024-02-03 10:45,105.00,638.00,590.45
2024-02-03 11:00,105.00,638.00,590.45
2024-02-03 11:15,105.00,638.00,590.45
2024-02-03 11:30,105.00,638.00,590.45
2024-02-03 11:45,105.00,638.00,590.45
2024-02-03 12:00,105.00,638.00,590.45
2024-02-03 12:15,105.00,638.00,590.45
2024-02-03 12:30,105.00,638.00,590.45
2024-02-03 12:45,105.00,638.00,590.45
2024-02-03 13:00,105.00,638.00,590.45
2024-02-03 13:15,105.00,638.00,590.45
2024-02-03 13:30,105.00,638.00,590.45
2024-02-03 13:45,105.00,638.00,590.45
2024-02-03 14:00,105.00,638.00,590.45
2024-02-03 14:15,105.00,638.00,590.45
2024-02-03 14:30,105.00,638.00,590.45
2024-02-03 14:45,105.00,638.00,590.45
2024-02-03 15:00,105.00,638.00,590.45
2024-02-03 15:15,105.00,638.00,590.45
2024-02-03 15:30,105.00,638.00,590.45
2024-02-03 15:45,105.00,638.00,590.45
2024-02-03 16:00,105.00,638.00,590.45
2024-02-03 16:15,105.00,638.00,590.45
2024-02-03 16:30,105.00,638.00,590.45
2024-02-03 16:45,105.00,638.00,590.45
2024-02-03 17:00,105.00,638.00,590.45
2024-02-03 17:15,105.00,638.00,590.45
2024-02-03 17:30,105.00,638.00,590.45
2024-02-03 17:45,105.00,638.00,590.45
2024-02-03 18:00,105.00,638.00,590.45
2024-02-03 18:15,105.00,638.00,590.45
2024-02-03 18:30,105.00,638.00,590.45
2024-02-03 18:45,105.00,638.00,590.45
2024-02-03 19:00,105.00,638.00,590.45
2024-02-03 19:15,105.00,638.00,590.45
2024-02-03 19:30,105.00,638.00,590.45
2024-02-03 19:45,105.00,638.00,590.45
2024-02-03 20:00,105.00,638.00,590.45
2024-02-03 20:15,105.00,638.00,590.45
2024-02-03 20:30,105.00,638.00,590.45
2024-02-03 20:45,105.00,638.00,590.45
2024-02-03 21:00,105.00,638.00,590.45
2024-02-03 21:15,105.00,638.00,590.45
